Income,Limit,Limit_to_Income_Ratio,Rating,Cards,Age,Education,Gender,Student,Married,Balance,Debt_Ratio,Default 
14891,3606,0.24,283,2,34,2,Male,No,Yes,333,,No
106025,6645,0.06,483,3,82,3,Female,Yes,Yes,903,,No
104593,7075,0.07,514,4,71,2,Male,No,No,580,,No
148924,9504,0.06,681,3,36,2,Female,No,No,964,,No
55882,4897,0.09,357,2,68,3,Male,No,Yes,331,,No
80180,8047,0.1,569,4,77,2,Male,No,No,1151,,No
20996,3388,0.16,259,2,37,2,Female,No,No,203,,No
71408,7114,0.1,512,2,87,2,Male,No,No,872,,No
15125,3300,0.22,266,5,66,3,Female,No,No,279,,No
71061,6819,0.1,491,3,41,4,Female,Yes,Yes,1350,,No
63095,8117,0.13,589,4,30,3,Male,No,Yes,1407,,No
15045,1311,0.09,138,3,64,3,Male,No,No,0,,No
80616,5308,0.07,394,1,57,1,Female,No,Yes,204,,No
43682,6922,0.16,511,1,49,2,Male,No,Yes,1081,,No
19144,3291,0.17,269,2,75,3,Female,No,No,148,,No
20089,2525,0.13,200,3,57,3,Female,No,Yes,0,,No
53598,3714,0.07,286,3,73,4,Female,No,Yes,0,,No
36496,4378,0.12,339,3,69,3,Female,No,Yes,368,,No
49570,6384,0.13,448,1,28,2,Female,No,Yes,891,,Yes
42079,6626,0.16,479,2,44,2,Male,No,No,1048,,No
17700,2860,0.16,235,4,63,3,Female,No,No,89,,No
37348,6378,0.17,458,1,72,4,Female,No,No,968,,No
20103,2631,0.13,213,3,61,2,Male,No,Yes,0,,No
64027,5179,0.08,398,5,48,1,Male,No,Yes,411,,No
10742,1757,0.16,156,3,57,3,Female,No,No,0,,No
14090,4323,0.31,326,5,25,3,Female,No,Yes,671,,No
42471,3625,0.09,289,6,44,2,Female,Yes,No,654,,No
32793,4534,0.14,333,2,44,3,Male,No,No,467,,No
186634,13414,0.07,949,2,41,3,Female,No,Yes,1809,,No
26813,5611,0.21,411,4,55,3,Female,No,No,915,,No
34142,5666,0.17,413,4,47,1,Female,No,Yes,863,,No
28941,2733,0.09,210,5,43,3,Male,No,Yes,0,,No
134181,7838,0.06,563,2,48,3,Female,No,No,526,,No
31367,1829,0.06,162,4,30,2,Male,No,Yes,0,,No
20150,2646,0.13,199,2,25,3,Female,No,Yes,0,,No
23350,2558,0.11,220,3,49,2,Female,Yes,No,419,,No
62413,6457,0.1,455,2,71,2,Female,No,Yes,762,,No
30007,6481,0.22,462,2,69,2,Female,No,Yes,1093,,No
11795,3899,0.33,300,4,25,2,Female,No,No,531,,No
13647,3461,0.25,264,4,47,3,Male,No,Yes,344,,No
34950,3327,0.1,253,3,54,3,Female,No,No,50,,No
113659,7659,0.07,538,2,66,3,Male,Yes,Yes,1155,,No
44158,4763,0.11,351,2,66,3,Female,No,Yes,385,,No
36929,6257,0.17,445,1,24,3,Female,No,Yes,976,,No
31861,6375,0.2,469,3,25,3,Female,No,Yes,1120,,No
77380,7569,0.1,564,3,50,2,Female,No,Yes,997,,No
19531,5043,0.26,376,2,64,3,Female,Yes,Yes,1241,,No
44646,4431,0.1,320,2,49,3,Male,Yes,Yes,797,,No
44522,2252,0.05,205,6,72,3,Male,No,Yes,0,,No
43479,4569,0.11,354,4,49,3,Male,Yes,Yes,902,,No
36362,5183,0.14,376,3,49,3,Male,No,Yes,654,,No
39705,3969,0.1,301,2,27,4,Male,No,Yes,211,,No
44205,5441,0.12,394,1,32,2,Male,No,Yes,607,,No
16304,5466,0.34,413,4,66,2,Male,No,Yes,957,,No
15333,1499,0.1,138,2,47,2,Female,No,Yes,0,,No
32916,1786,0.05,154,2,60,1,Female,No,Yes,0,,No
57100,4742,0.08,372,7,79,4,Female,No,Yes,379,,No
76273,4779,0.06,367,4,65,3,Female,No,Yes,133,,No
10354,3480,0.34,281,2,70,4,Male,No,Yes,333,,No
51872,5294,0.1,390,4,81,4,Female,No,No,531,,No
35510,5198,0.15,364,2,35,4,Female,No,No,631,,No
21238,3089,0.15,254,3,59,2,Female,No,No,108,,No
30682,1671,0.05,160,2,77,1,Female,No,No,0,,No
14132,2998,0.21,251,4,75,4,Male,No,No,133,,No
32164,2937,0.09,223,2,79,3,Female,No,Yes,0,,No
12000,4160,0.35,320,4,28,3,Female,No,Yes,602,,No
113829,9704,0.09,694,4,38,3,Female,No,Yes,1388,,No
11187,5099,0.46,380,4,69,3,Female,No,No,889,,No
27847,5619,0.2,418,2,78,3,Female,No,Yes,822,,No
49502,6819,0.14,505,4,55,3,Male,No,Yes,1084,,No
24889,3954,0.16,318,4,75,2,Male,No,Yes,357,,Yes
58781,7402,0.13,538,2,81,2,Female,No,Yes,1103,,No
22939,4923,0.21,355,1,47,4,Female,No,Yes,663,,No
23989,4523,0.19,338,4,31,3,Male,No,No,601,,No
16103,5390,0.33,418,4,45,2,Female,No,Yes,945,,No
33017,3180,0.1,224,2,28,3,Male,No,Yes,29,,No
30622,3293,0.11,251,1,68,3,Male,Yes,No,532,,No
20936,3254,0.16,253,1,30,3,Female,No,No,145,,No
110968,6662,0.06,468,3,45,2,Female,No,Yes,391,,No
15354,2101,0.14,171,2,65,3,Male,No,No,0,,No
27369,3449,0.13,288,3,40,2,Female,No,Yes,162,,No
53480,4263,0.08,317,1,83,3,Male,No,No,99,,No
23672,4433,0.19,344,3,63,2,Male,No,No,503,,Yes
19225,1433,0.07,122,3,38,3,Female,No,No,0,,No
43540,2906,0.07,232,4,69,2,Male,No,No,0,,No
152298,12066,0.08,828,4,41,2,Female,No,Yes,1779,,No
55367,6340,0.11,448,1,33,3,Male,No,Yes,815,,No
11741,2271,0.19,182,4,59,2,Female,No,No,0,,No
15560,4307,0.28,352,4,57,1,Male,No,Yes,579,,No
59530,7518,0.13,543,3,52,2,Female,No,No,1176,,No
20191,5767,0.29,431,4,42,3,Male,No,Yes,1023,,No
48498,6040,0.12,456,3,47,3,Male,No,Yes,812,,No
30733,2832,0.09,249,4,51,3,Male,No,No,0,,No
16479,5435,0.33,388,2,26,3,Male,No,No,937,,No
38009,3075,0.08,245,3,45,3,Female,No,No,0,,No
14084,855,0.06,120,5,46,4,Female,No,Yes,0,,No
14312,5382,0.38,367,1,59,4,Male,Yes,No,1380,,No
26067,3388,0.13,266,4,74,4,Female,No,Yes,155,,No
36295,2963,0.08,241,2,68,3,Female,Yes,No,375,,No
83851,8494,0.1,607,5,47,4,Male,No,No,1311,,No
21153,3736,0.18,256,1,41,2,Male,No,No,298,,No
17976,2433,0.14,190,3,70,3,Female,Yes,No,431,,Yes
68713,7582,0.11,531,2,56,3,Male,Yes,No,1587,,No
146183,9540,0.07,682,6,66,3,Male,No,No,1050,,No
15846,4768,0.3,365,4,53,2,Female,No,No,745,,No
12031,3182,0.26,259,2,58,4,Female,No,Yes,210,,No
16819,1337,0.08,115,2,74,3,Male,No,Yes,0,,No
39110,3189,0.08,263,3,72,2,Male,No,No,0,,No
107986,6033,0.06,449,4,64,3,Male,No,Yes,227,,No
13561,3261,0.24,279,5,37,4,Male,No,Yes,297,,No
34537,3271,0.09,250,3,57,4,Female,No,Yes,47,,No
28575,2959,0.1,231,2,60,2,Female,No,No,0,,No
46007,6637,0.14,491,4,42,3,Male,No,Yes,1046,,No
69251,6386,0.09,474,4,30,2,Female,No,Yes,768,,No
16482,3326,0.2,268,4,41,3,Male,No,No,271,,No
40442,4828,0.12,369,5,81,1,Female,No,No,510,,No
35177,2117,0.06,186,3,62,3,Female,No,No,0,,No
91362,9113,0.1,626,1,47,4,Male,No,Yes,1341,,No
27039,2161,0.08,173,3,40,4,Female,No,No,0,,No
23012,1410,0.06,137,3,81,3,Male,No,No,0,,No
27241,1402,0.05,128,2,67,3,Female,No,Yes,0,,No
148080,8157,0.06,599,2,83,3,Male,No,Yes,454,,No
62602,7056,0.11,481,1,84,2,Female,No,No,904,,No
11808,1300,0.11,117,3,77,3,Female,No,No,0,,No
29564,2529,0.09,192,1,30,2,Female,No,Yes,0,,No
27578,2531,0.09,195,1,34,3,Female,No,Yes,0,,No
26427,5533,0.21,433,5,50,3,Female,Yes,Yes,1404,,Yes
57202,3411,0.06,259,3,72,2,Female,No,No,0,,No
123299,8376,0.07,610,2,89,4,Male,Yes,No,1259,,No
18145,3461,0.19,279,3,56,3,Male,No,Yes,255,,No
23793,3821,0.16,281,4,56,2,Female,Yes,Yes,868,,No
10726,1568,0.15,162,5,46,4,Male,No,Yes,0,,No
23283,5443,0.23,407,4,49,3,Male,No,Yes,912,,No
21455,5829,0.27,427,4,80,2,Female,No,Yes,1018,,No
34664,5835,0.17,452,3,77,3,Female,No,Yes,835,,No
44473,3500,0.08,257,3,81,3,Female,No,No,8,,No
54663,4116,0.08,314,2,70,1,Female,No,No,75,,No
36355,3613,0.1,278,4,35,2,Male,No,Yes,187,,No
21374,2073,0.1,175,2,74,2,Female,No,Yes,0,,No
107841,10384,0.1,728,3,87,1,Male,No,No,1597,,No
39831,6045,0.15,459,3,32,2,Female,Yes,Yes,1425,,Yes
91876,6754,0.07,483,2,33,2,Male,No,Yes,605,,No
103893,7416,0.07,549,3,84,4,Male,No,No,669,,No
19636,4896,0.25,387,3,64,2,Female,No,No,710,,No
17392,2748,0.16,228,3,32,3,Male,No,Yes,68,,No
19529,4673,0.24,341,2,51,3,Male,No,No,642,,No
17055,5110,0.3,371,3,55,3,Female,No,Yes,805,,Yes
23857,1501,0.06,150,3,56,3,Male,No,Yes,0,,No
15184,2420,0.16,192,2,69,2,Female,No,Yes,0,,No
13444,886,0.07,121,5,44,2,Male,No,Yes,0,,No
63931,5728,0.09,435,3,28,3,Female,No,Yes,581,,No
35864,4831,0.13,353,3,66,3,Female,No,Yes,534,,No
41419,2120,0.05,184,4,24,2,Female,Yes,No,156,,No
92112,4612,0.05,344,3,32,4,Male,No,No,0,,No
55056,3155,0.06,235,2,31,3,Male,No,Yes,0,,No
19537,1362,0.07,143,4,34,2,Female,No,Yes,0,,No
31811,4284,0.13,338,5,75,3,Female,No,Yes,429,,No
56256,5521,0.1,406,2,72,3,Female,Yes,Yes,1020,,No
42357,5550,0.13,406,2,83,2,Female,No,Yes,653,,No
53319,3000,0.06,235,3,53,3,Male,No,No,0,,No
12238,4865,0.4,381,5,67,2,Female,No,No,836,,Yes
31353,1705,0.05,160,3,81,3,Male,No,Yes,0,,No
63809,7530,0.12,515,1,56,2,Male,No,Yes,1086,,No
13676,2330,0.17,203,5,80,3,Female,No,No,0,,No
76782,5977,0.08,429,4,44,2,Male,No,Yes,548,,No
25383,4527,0.18,367,4,46,2,Male,No,Yes,570,,No
35691,2880,0.08,214,2,35,3,Male,No,No,0,,No
29403,2327,0.08,178,1,37,3,Female,No,Yes,0,,No
27470,2820,0.1,219,1,32,2,Female,No,Yes,0,,No
27330,6179,0.23,459,4,36,2,Female,No,Yes,1099,,No
34772,2021,0.06,167,3,57,2,Male,No,No,0,,No
36934,4270,0.12,299,1,63,2,Female,No,Yes,283,,No
76348,4697,0.06,344,4,60,4,Male,No,No,108,,No
14887,4745,0.32,339,3,58,2,Male,No,Yes,724,,Yes
121834,10673,0.09,750,3,54,3,Male,No,No,1573,,No
30132,2168,0.07,206,3,52,4,Male,No,No,0,,No
24050,2607,0.11,221,4,32,4,Male,No,Yes,0,,No
22379,3965,0.18,292,2,34,3,Female,No,Yes,384,,No
28316,4391,0.16,316,2,29,2,Female,No,No,453,,No
58026,7499,0.13,560,5,67,2,Female,No,No,1237,,No
10635,3584,0.34,294,5,69,3,Male,No,Yes,423,,No
46102,5180,0.11,382,3,81,2,Male,No,Yes,516,,No
58929,6420,0.11,459,2,66,2,Female,No,Yes,789,,No
80861,4090,0.05,335,3,29,3,Female,No,Yes,0,,No
158889,11589,0.07,805,1,62,4,Female,No,Yes,1448,,No
30420,4442,0.15,316,1,30,3,Female,No,No,450,,Yes
36472,3806,0.1,309,2,52,3,Male,No,No,188,,No
23365,2179,0.09,167,2,75,3,Male,No,No,0,,No
83869,7667,0.09,554,2,83,2,Male,No,No,930,,No
58351,4411,0.08,326,2,85,3,Female,No,Yes,126,,No
55187,5352,0.1,385,4,50,4,Female,No,Yes,538,,No
124290,9560,0.08,701,3,52,4,Female,Yes,No,1687,,No
28508,3933,0.14,287,4,56,3,Male,No,Yes,336,,No
130209,10088,0.08,730,7,39,4,Female,No,Yes,1426,,No
30406,2120,0.07,181,2,79,3,Male,No,Yes,0,,No
23883,5384,0.23,398,2,73,3,Female,No,Yes,802,,No
93039,7398,0.08,517,1,67,2,Male,No,Yes,749,,No
50699,3977,0.08,304,2,84,4,Female,No,No,69,,No
27349,2000,0.07,169,4,51,3,Female,No,Yes,0,,No
10403,4159,0.4,310,3,43,1,Male,No,Yes,571,,Yes
23949,5343,0.22,383,2,40,4,Male,No,Yes,829,,No
73914,7333,0.1,529,6,67,3,Female,No,Yes,1048,,No
21038,1448,0.07,145,2,58,3,Female,No,Yes,0,,No
68206,6784,0.1,499,5,40,3,Female,Yes,No,1411,,No
57337,5310,0.09,392,2,45,1,Female,No,No,456,,No
10793,3878,0.36,321,8,29,3,Male,No,No,638,,No
23450,2450,0.1,180,2,78,3,Male,No,No,0,,No
10842,4391,0.4,358,5,37,2,Female,Yes,Yes,1216,,Yes
51345,4327,0.08,320,3,46,3,Male,No,No,230,,No
151947,9156,0.06,642,2,91,2,Female,No,Yes,732,,No
24543,3206,0.13,243,2,62,2,Female,No,Yes,95,,No
29567,5309,0.18,397,3,25,3,Male,No,No,799,,Yes
39145,4351,0.11,323,2,66,3,Male,No,Yes,308,,No
39422,5245,0.13,383,2,44,4,Male,No,No,637,,No
34909,5289,0.15,410,2,62,3,Female,No,Yes,681,,No
41025,4229,0.1,337,3,79,4,Female,No,Yes,246,,No
15476,2762,0.18,215,3,60,4,Male,No,No,52,,No
12456,5395,0.43,392,3,65,3,Male,No,Yes,955,,No
10627,1647,0.15,149,2,71,2,Female,Yes,Yes,195,,No
38954,5222,0.13,370,4,76,3,Female,No,No,653,,No
44847,5765,0.13,437,3,53,3,Female,Yes,No,1246,,No
98515,8760,0.09,633,5,78,2,Female,No,No,1230,,No
33437,6207,0.19,451,4,44,2,Male,Yes,No,1549,,Yes
27512,4613,0.17,344,5,72,4,Male,No,Yes,573,,No
121709,7818,0.06,584,4,50,1,Male,No,Yes,701,,No
15079,5673,0.38,411,4,28,3,Female,No,Yes,1075,,No
59879,6906,0.12,527,6,78,3,Female,No,No,1032,,No
66989,5614,0.08,430,3,47,3,Female,No,Yes,482,,No
69165,4668,0.07,341,2,34,2,Female,No,No,156,,No
69943,7555,0.11,547,3,76,2,Male,No,Yes,1058,,No
33214,5137,0.15,387,3,59,2,Male,No,No,661,,No
25124,4776,0.19,378,4,29,2,Male,No,Yes,657,,No
15741,4788,0.3,360,1,39,3,Male,No,Yes,689,,No
11603,2278,0.2,187,3,71,2,Male,No,Yes,0,,No
69656,8244,0.12,579,3,41,3,Male,No,Yes,1329,,No
10503,2923,0.28,232,3,25,4,Female,No,Yes,191,,No
42529,4986,0.12,369,2,37,2,Male,No,Yes,489,,No
60579,5149,0.08,388,5,38,3,Male,No,Yes,443,,No
26532,2910,0.11,236,6,58,4,Female,No,Yes,52,,No
27952,3557,0.13,263,1,35,3,Female,No,Yes,163,,No
29705,3351,0.11,262,5,71,3,Female,No,Yes,148,,No
15602,906,0.06,103,2,36,2,Male,No,Yes,0,,No
20918,1233,0.06,128,3,47,4,Female,Yes,Yes,16,,No
58165,6617,0.11,460,1,56,2,Female,No,Yes,856,,No
22561,1787,0.08,147,4,66,3,Female,No,No,0,,No
34509,2001,0.06,189,5,80,4,Female,No,Yes,0,,No
19588,3211,0.16,265,4,59,3,Female,No,No,199,,No
36364,2220,0.06,188,3,50,4,Male,No,No,0,,No
15717,905,0.06,93,1,38,3,Male,Yes,Yes,0,,No
22574,1551,0.07,134,3,43,3,Female,Yes,Yes,98,,No
10363,2430,0.23,191,2,47,4,Female,No,Yes,0,,No
28474,3202,0.11,267,5,66,2,Male,No,Yes,132,,No
72945,8603,0.12,621,3,64,1,Female,No,No,1355,,No
85425,5182,0.06,402,6,60,2,Male,No,Yes,218,,No
36508,6386,0.17,469,4,79,1,Female,No,Yes,1048,,No
58063,4221,0.07,304,3,50,1,Male,No,No,118,,No
25936,1774,0.07,135,2,71,3,Female,No,No,0,,No
15629,2493,0.16,186,1,60,3,Male,No,Yes,0,,No
41400,2561,0.06,215,2,36,3,Male,No,Yes,0,,No
33657,6196,0.18,450,6,55,2,Female,No,No,1092,,No
67937,5184,0.08,383,4,63,2,Male,No,Yes,345,,No
180379,9310,0.05,665,3,67,4,Female,Yes,Yes,1050,,No
10588,4049,0.38,296,1,66,3,Female,No,Yes,465,,No
29725,3536,0.12,270,2,52,3,Female,No,No,133,,No
27999,5107,0.18,380,1,55,2,Male,No,Yes,651,,Yes
40885,5013,0.12,379,3,46,3,Female,No,Yes,549,,No
88830,4952,0.06,360,4,86,3,Female,No,Yes,15,,No
29638,5833,0.2,433,3,29,3,Female,No,Yes,942,,No
25988,1349,0.05,142,4,82,2,Male,No,No,0,,No
39055,5565,0.14,410,4,48,4,Female,No,Yes,772,,No
15866,3085,0.19,217,1,39,3,Male,No,No,136,,No
44978,4866,0.11,347,1,30,2,Female,No,No,436,,No
30413,3690,0.12,299,2,25,3,Female,Yes,No,728,,No
16751,4706,0.28,353,6,48,3,Male,Yes,No,1255,,No
30550,5869,0.19,439,5,81,2,Female,No,No,967,,No
163329,8732,0.05,636,3,50,3,Male,No,Yes,529,,No
23106,3476,0.15,257,2,50,3,Female,No,No,209,,No
41532,5000,0.12,353,2,50,2,Male,No,Yes,531,,No
128040,6982,0.05,518,2,78,2,Female,No,Yes,250,,No
54319,3063,0.06,248,3,59,1,Female,Yes,No,269,,No
53401,5319,0.1,377,3,35,2,Female,No,No,541,,No
36142,1852,0.05,183,3,33,3,Female,No,No,0,,No
63534,8100,0.13,581,2,50,4,Female,No,Yes,1298,,No
49927,6396,0.13,485,3,75,4,Female,No,Yes,890,,No
14711,2047,0.14,167,2,67,1,Male,No,Yes,0,,No
18967,1626,0.09,156,2,41,2,Female,No,Yes,0,,No
18036,1552,0.09,142,2,48,3,Female,No,No,0,,No
60449,3098,0.05,272,4,69,1,Male,No,Yes,0,,No
16711,5274,0.32,387,3,42,3,Female,No,Yes,863,,No
10852,3907,0.36,296,2,30,2,Male,No,No,485,,No
26370,3235,0.12,268,5,78,2,Male,No,Yes,159,,No
24088,3665,0.15,287,4,56,3,Female,No,Yes,309,,No
51532,5096,0.1,380,2,31,3,Male,No,Yes,481,,No
140672,11200,0.08,817,7,46,2,Male,No,Yes,1677,,No
42915,2532,0.06,205,4,42,3,Male,No,Yes,0,,No
27272,1389,0.05,149,5,67,2,Female,No,Yes,0,,No
65896,5140,0.08,370,1,49,4,Female,No,Yes,293,,No
55054,4381,0.08,321,3,74,4,Male,No,Yes,188,,No
20791,2672,0.13,204,1,70,4,Female,No,No,0,,No
24919,5051,0.2,372,3,76,2,Female,No,Yes,711,,No
21786,4632,0.21,355,1,50,4,Male,No,Yes,580,,No
31335,3526,0.11,289,3,38,1,Female,No,No,172,,No
59855,4964,0.08,365,1,46,3,Female,No,Yes,295,,No
44061,4970,0.11,352,1,79,2,Male,No,Yes,414,,No
82706,7506,0.09,536,2,64,3,Female,No,Yes,905,,No
24460,1924,0.08,165,2,50,3,Female,No,Yes,0,,No
45120,3762,0.08,287,3,80,1,Male,No,Yes,70,,No
75406,3874,0.05,298,3,41,3,Female,No,Yes,0,,No
14956,4640,0.31,332,2,33,1,Male,No,No,681,,No
75257,7010,0.09,494,3,34,4,Female,No,Yes,885,,No
33694,4891,0.15,369,1,52,3,Male,Yes,No,1036,,No
23375,5429,0.23,396,3,57,3,Female,No,Yes,844,,No
27825,5227,0.19,386,6,63,2,Male,No,Yes,823,,No
92386,7685,0.08,534,2,75,4,Female,No,Yes,843,,No
115520,9272,0.08,656,2,69,3,Male,No,No,1140,,No
14479,3907,0.27,296,3,43,3,Male,No,Yes,463,,No
52179,7306,0.14,522,2,57,3,Male,No,No,1142,,No
68462,4712,0.07,340,2,71,3,Male,No,Yes,136,,No
18951,1485,0.08,129,3,82,3,Female,No,No,0,,No
27590,2586,0.09,229,5,54,3,Male,No,Yes,0,,No
16279,1160,0.07,126,3,78,3,Male,Yes,Yes,5,,No
25078,3096,0.12,236,2,27,3,Female,No,Yes,81,,No
27229,3484,0.13,282,6,51,2,Male,No,No,265,,No
182728,13913,0.08,982,4,98,4,Male,No,Yes,1999,,No
31029,2863,0.09,223,2,66,4,Male,Yes,Yes,415,,No
17765,5072,0.29,364,1,66,2,Female,No,Yes,732,,No
125480,10230,0.08,721,3,82,3,Male,No,Yes,1361,,No
49166,6662,0.14,508,3,68,3,Female,No,No,984,,No
41192,3673,0.09,297,3,54,3,Female,No,Yes,121,,No
94193,7576,0.08,527,2,44,3,Female,No,Yes,846,,No
20405,4543,0.22,329,2,72,4,Male,Yes,No,1054,,No
12581,3976,0.32,291,2,48,3,Male,No,Yes,474,,No
62328,5228,0.08,377,3,83,3,Male,No,No,380,,No
21011,3402,0.16,261,2,68,4,Male,No,Yes,182,,No
24230,4756,0.2,351,2,64,3,Female,No,Yes,594,,No
24314,3409,0.14,270,2,23,1,Female,No,Yes,194,,No
32856,5884,0.18,438,4,68,3,Male,No,No,926,,No
12414,855,0.07,119,3,32,2,Male,No,Yes,0,,No
41365,5303,0.13,377,1,45,3,Male,No,No,606,,No
149316,10278,0.07,707,1,80,3,Male,No,No,1107,,No
27794,3807,0.14,301,4,35,1,Female,No,Yes,320,,No
13234,3922,0.3,299,2,77,4,Female,No,Yes,426,,No
14595,2955,0.2,260,5,37,2,Male,No,Yes,204,,No
10735,3746,0.35,280,2,44,4,Female,No,Yes,410,,No
48218,5199,0.11,401,7,39,2,Male,No,Yes,633,,No
30012,1511,0.05,137,2,33,4,Male,No,Yes,0,,No
21551,5380,0.25,420,5,51,4,Male,No,Yes,907,,No
160231,10748,0.07,754,2,69,4,Male,No,No,1192,,No
13433,1134,0.08,112,3,70,3,Male,No,Yes,0,,No
48577,5145,0.11,389,3,71,3,Female,No,Yes,503,,No
30002,1561,0.05,155,4,70,3,Female,No,Yes,0,,No
61620,5140,0.08,374,1,71,2,Male,No,Yes,302,,No
104483,7140,0.07,507,2,41,3,Male,No,Yes,583,,No
41868,4716,0.11,342,2,47,4,Male,No,No,425,,No
12068,3873,0.32,292,1,44,4,Female,No,Yes,413,,No
180682,11966,0.07,832,2,58,4,Female,No,Yes,1405,,No
34480,6090,0.18,442,3,36,3,Male,No,No,962,,No
39609,2539,0.06,188,1,40,3,Male,No,Yes,0,,No
30111,4336,0.14,339,1,81,4,Male,No,Yes,347,,No
12335,4471,0.36,344,3,79,2,Male,No,Yes,611,,Yes
53566,5891,0.11,434,4,82,2,Female,No,No,712,,No
53217,4943,0.09,362,2,46,3,Female,No,Yes,382,,No
26162,5101,0.19,382,3,62,4,Female,No,No,710,,No
64173,6127,0.1,433,1,80,2,Male,No,Yes,578,,No
128669,9824,0.08,685,3,67,3,Male,No,Yes,1243,,No
113772,6442,0.06,489,4,69,3,Male,Yes,Yes,790,,No
61069,7871,0.13,564,3,56,3,Male,No,Yes,1264,,No
23793,3615,0.15,263,2,70,3,Male,No,No,216,,No
89000,5759,0.06,440,3,37,1,Female,No,No,345,,No
71682,8028,0.11,599,3,57,3,Male,No,Yes,1208,,No
35610,6135,0.17,466,4,40,2,Male,No,No,992,,No
39116,2150,0.05,173,4,75,3,Male,No,No,0,,No
19782,3782,0.19,293,2,46,3,Female,Yes,No,840,,No
55412,5354,0.1,383,2,37,3,Female,Yes,Yes,1003,,No
29400,4840,0.16,368,3,76,4,Female,No,Yes,588,,No
20974,5673,0.27,413,5,44,3,Female,No,Yes,1000,,No
87625,7167,0.08,515,2,46,2,Female,No,No,767,,No
28144,1567,0.06,142,3,51,2,Male,No,Yes,0,,No
19349,4941,0.26,366,1,33,4,Male,No,Yes,717,,No
53308,2860,0.05,214,1,84,2,Male,No,Yes,0,,No
115123,7760,0.07,538,3,83,3,Female,No,No,661,,No
101788,8029,0.08,574,2,84,2,Male,No,Yes,849,,No
24824,5495,0.22,409,1,33,2,Male,Yes,No,1352,,No
14292,3274,0.23,282,9,64,2,Male,No,Yes,382,,No
20088,1870,0.09,180,3,76,3,Male,No,No,0,,No
26400,5640,0.21,398,3,58,3,Female,No,No,905,,No
19253,3683,0.19,287,4,57,2,Male,No,No,371,,No
16529,1357,0.08,126,3,62,2,Male,No,No,0,,No
37878,6827,0.18,482,2,80,3,Female,No,No,1129,,No
83948,7100,0.08,503,2,44,4,Male,No,No,806,,No
135118,10578,0.08,747,3,81,3,Female,No,Yes,1393,,No
73327,6555,0.09,472,2,43,3,Female,No,No,721,,No
25974,2308,0.09,196,2,24,2,Male,No,No,0,,No
17316,1335,0.08,138,2,65,3,Male,No,No,0,,No
49794,5758,0.12,410,4,40,1,Male,No,No,734,,No
12096,4100,0.34,307,3,32,3,Male,No,Yes,560,,No
13364,3838,0.29,296,5,65,4,Male,No,No,480,,No
57872,4171,0.07,321,5,67,2,Female,No,Yes,138,,No
37728,2525,0.07,192,1,44,3,Male,No,Yes,0,,No
18701,5524,0.3,415,5,64,1,Female,No,No,966,,Yes
,660,,,,24,2,Female,,Yes,,,Yes
,3960,,,,26,2,Female,,No,,,Yes
,2970,,,,34,2,Female,,No,,,No
,1650,,,,37,2,Female,,Yes,,,No
,1650,,,,57,2,Male,,Yes,,,No
,1650,,,,37,1,Male,,No,,,No
,16500,,,,29,1,Male,,No,,,No
,3300,,,,23,2,Female,,No,,,No
,4620,,,,28,3,Female,,Yes,,,No
,660,,,,35,3,Male,,No,,,No
,6600,,,,34,3,Female,,No,,,No
,8580,,,,51,1,Female,,No,,,No
,20790,,,,41,2,Female,,No,,,No
,2310,,,,30,2,Male,,No,,,Yes
,8250,,,,29,1,Male,,No,,,No
,660,,,,24,1,Male,,No,,,Yes
,10560,,,,49,1,Male,,Yes,,,No
,11880,,,,49,1,Female,,Yes,,,No
,5940,,,,29,1,Female,,No,,,No
,4290,,,,39,3,Female,,No,,,No
,3960,,,,39,2,Female,,Yes,,,Yes
,2310,,,,26,2,Female,,No,,,Yes
,14850,,,,40,1,Female,,Yes,,,Yes
,2970,,,,23,1,Male,,No,,,No
,1650,,,,23,3,Male,,No,,,No
,1980,,,,27,1,Male,,No,,,Yes
,1650,,,,30,3,Female,,No,,,No
,1650,,,,47,3,Female,,Yes,,,No
,1650,,,,26,1,Male,,No,,,No
,7590,,,,27,1,Female,,No,,,No
,1650,,,,33,2,Male,,No,,,Yes
,3300,,,,32,1,Male,,No,,,No
,16500,,,,54,2,Female,,Yes,,,No
,16500,,,,58,1,Male,,Yes,,,No
,5280,,,,30,1,Male,,No,,,No
,9240,,,,40,2,Male,,Yes,,,No
,1980,,,,22,2,Female,,No,,,No
,1650,,,,25,1,Male,,No,,,Yes
,9240,,,,31,1,Male,,No,,,No
,11880,,,,33,1,Male,,No,,,No
,2310,,,,25,1,Female,,No,,,No
,330,,,,22,2,Male,,No,,,No
,4620,,,,37,2,Female,,Yes,,,No
,1320,,,,30,1,Female,,No,,,No
,6930,,,,29,1,Male,,No,,,Yes
,660,,,,22,1,Female,,No,,,Yes
,4950,,,,46,4,Female,,No,,,Yes
,12540,,,,32,2,Male,,No,,,No
,660,,,,24,1,Male,,No,,,No
,2310,,,,42,3,Male,,No,,,Yes
,10230,,,,49,2,Female,,Yes,,,No
,5940,,,,25,1,Female,,No,,,No
,4950,,,,29,1,Female,,No,,,No
,16500,,,,45,1,Female,,Yes,,,No
,5940,,,,34,3,Female,,Yes,,,No
,5940,,,,34,2,Female,,Yes,,,No
,6600,,,,34,1,Female,,No,,,No
,13200,,,,29,2,Female,,Yes,,,No
,16500,,,,28,3,Female,,Yes,,,Yes
,2310,,,,39,2,Male,,Yes,,,No
,1650,,,,29,1,Male,,No,,,Yes
,1650,,,,46,2,Female,,Yes,,,Yes
,4290,,,,51,2,Female,,Yes,,,No
,6600,,,,57,1,Male,,Yes,,,Yes
,330,,,,56,2,Male,,Yes,,,Yes
,6930,,,,30,1,Female,,No,,,No
,4290,,,,29,3,Female,,No,,,No
,660,,,,22,4,Male,,No,,,No
,2640,,,,31,1,Male,,No,,,No
,10560,,,,29,2,Male,,No,,,Yes
,6600,,,,32,2,Female,,Yes,,,No
,9570,,,,37,1,Female,,No,,,No
,11220,,,,32,1,Male,,No,,,No
,660,,,,24,2,Male,,No,,,No
,1650,,,,25,3,Male,,No,,,No
,9900,,,,45,1,Female,,Yes,,,No
,990,,,,22,2,Female,,No,,,Yes
,7920,,,,44,2,Female,,No,,,Yes
,11880,,,,26,1,Female,,No,,,No
,1980,,,,30,3,Male,,No,,,Yes
,13200,,,,44,2,Female,,Yes,,,No
,1650,,,,49,3,Female,,No,,,No
,5280,,,,33,2,Male,,No,,,No
,11880,,,,45,1,Female,,Yes,,,Yes
,5280,,,,32,2,Female,,No,,,No
,4290,,,,35,1,Female,,Yes,,,No
,660,,,,44,3,Male,,No,,,No
,6600,,,,53,1,Male,,Yes,,,Yes
,9240,,,,39,1,Female,,No,,,No
,3300,,,,27,1,Female,,No,,,No
,5280,,,,37,2,Female,,Yes,,,No
,1980,,,,23,2,Female,,No,,,No
,2970,,,,35,2,Male,,No,,,No
,11880,,,,43,1,Male,,Yes,,,No
,4950,,,,27,1,Male,,No,,,No
,1650,,,,22,3,Female,,Yes,,,No
,660,,,,38,2,Male,,Yes,,,Yes
,4620,,,,32,1,Male,,No,,,No
,12540,,,,30,1,Female,,No,,,No
,15840,,,,63,1,Male,,Yes,,,No
,1650,,,,22,3,Female,,No,,,Yes
,1980,,,,26,2,Female,,No,,,No
,2310,,,,24,2,Female,,No,,,No
,2640,,,,36,2,Female,,Yes,,,No
,11550,,,,52,1,Male,,No,,,No
,4290,,,,38,2,Male,,No,,,No
,11880,,,,35,2,Male,,Yes,,,No
,10890,,,,31,1,Female,,Yes,,,No
,1650,,,,47,3,Male,,Yes,,,No
,9240,,,,41,2,Male,,Yes,,,No
,3300,,,,24,1,Female,,No,,,No
,1650,,,,41,2,Male,,No,,,No
,990,,,,24,1,Male,,No,,,Yes
,7920,,,,28,1,Male,,No,,,No
,2640,,,,26,2,Male,,No,,,Yes
,13200,,,,34,2,Male,,Yes,,,No
,7920,,,,38,2,Female,,No,,,No
,1650,,,,37,3,Male,,No,,,Yes
,14850,,,,40,1,Male,,Yes,,,Yes
,3630,,,,48,1,Female,,Yes,,,No
,10230,,,,35,2,Female,,Yes,,,Yes
,660,,,,27,1,Male,,No,,,No
,660,,,,23,2,Male,,No,,,No
,6600,,,,52,3,Male,,No,,,No
,5940,,,,36,1,Male,,Yes,,,Yes
,1650,,,,51,2,Male,,Yes,,,Yes
,1980,,,,55,3,Male,,Yes,,,No
,990,,,,23,1,Female,,No,,,No
,7920,,,,41,1,Male,,No,,,No
,13860,,,,34,2,Male,,Yes,,,No
,10890,,,,46,3,Male,,Yes,,,No
,990,,,,22,2,Female,,No,,,No
,7920,,,,34,2,Male,,Yes,,,No
,4950,,,,27,1,Male,,No,,,No
,6930,,,,33,2,Female,,Yes,,,No
,1650,,,,51,3,Female,,Yes,,,Yes
,1650,,,,24,1,Male,,No,,,No
,7920,,,,47,1,Male,,No,,,Yes
,5940,,,,28,2,Male,,No,,,No
,1650,,,,23,2,Male,,No,,,No
,5610,,,,29,2,Male,,No,,,No
,660,,,,29,1,Male,,No,,,No
,1650,,,,28,1,Male,,No,,,No
,5610,,,,27,2,Female,,No,,,Yes
,6600,,,,34,1,Male,,No,,,No
,2640,,,,23,2,Female,,Yes,,,No
,8580,,,,60,1,Female,,Yes,,,No
,4620,,,,32,2,Male,,Yes,,,No
,2640,,,,25,1,Male,,No,,,No
,11550,,,,41,1,Male,,No,,,No
,9240,,,,56,2,Female,,Yes,,,No
,990,,,,26,3,Female,,No,,,No
,4620,,,,34,1,Male,,Yes,,,No
,6600,,,,37,1,Female,,No,,,No
,6600,,,,30,3,Female,,No,,,No
,6930,,,,45,3,Male,,Yes,,,Yes
,1650,,,,57,3,Male,,Yes,,,No
,990,,,,41,1,Male,,No,,,No
,1650,,,,27,2,Male,,No,,,No
,9570,,,,47,3,Male,,Yes,,,No
,8250,,,,34,1,Female,,Yes,,,No
,1980,,,,46,2,Female,,Yes,,,No
,3630,,,,27,1,Female,,No,,,No
,12210,,,,50,1,Male,,No,,,No
,3300,,,,27,2,Male,,Yes,,,No
,2970,,,,35,2,Female,,Yes,,,No
,1650,,,,22,2,Female,,No,,,No
,8910,,,,37,2,Male,,No,,,No
,9900,,,,30,1,Female,,No,,,No
,1650,,,,22,2,Female,,No,,,No
,1650,,,,24,1,Female,,No,,,Yes
,11880,,,,29,1,Male,,No,,,No
,4290,,,,56,3,Male,,Yes,,,Yes
,2640,,,,30,1,Male,,No,,,No
,1650,,,,30,2,Male,,No,,,No
,660,,,,22,2,Female,,No,,,No
,2640,,,,29,2,Female,,Yes,,,No
,7920,,,,37,1,Male,,No,,,No
,2640,,,,35,3,Female,,No,,,No
,16500,,,,47,1,Female,,Yes,,,No
,1980,,,,24,2,Female,,Yes,,,Yes
,660,,,,25,2,Male,,No,,,No
,3300,,,,38,2,Female,,Yes,,,Yes
,11880,,,,32,1,Female,,No,,,No
,6600,,,,47,3,Female,,No,,,Yes
,4290,,,,34,2,Female,,Yes,,,No
,660,,,,31,2,Female,,No,,,No
,10230,,,,32,1,Male,,No,,,No
,1980,,,,27,1,Female,,No,,,Yes
,5940,,,,29,1,Female,,No,,,No
,5940,,,,24,1,Female,,No,,,No
,1650,,,,36,2,Male,,Yes,,,No
,1650,,,,24,1,Female,,No,,,Yes
,4950,,,,34,2,Female,,Yes,,,No
,660,,,,22,1,Female,,No,,,No
,16500,,,,34,1,Female,,Yes,,,No
,990,,,,22,3,Female,,No,,,Yes
,5940,,,,38,1,Female,,Yes,,,No
,4620,,,,31,1,Male,,No,,,No
,4620,,,,26,1,Female,,No,,,No
,3960,,,,26,2,Male,,No,,,No
,11880,,,,48,2,Female,,Yes,,,No
,660,,,,43,3,Male,,Yes,,,No
,3300,,,,47,1,Male,,Yes,,,No
,6930,,,,41,2,Female,,Yes,,,Yes
,2640,,,,24,2,Female,,No,,,Yes
,10890,,,,50,1,Female,,Yes,,,No
,7260,,,,24,1,Male,,No,,,No
,6930,,,,38,1,Female,,Yes,,,Yes
,1320,,,,43,3,Female,,Yes,,,No
,990,,,,39,2,Male,,No,,,No
,15510,,,,27,2,Male,,No,,,No
,990,,,,42,3,Male,,Yes,,,No
,7920,,,,36,2,Female,,Yes,,,Yes
,2640,,,,36,2,Male,,No,,,No
,3630,,,,31,3,Female,,No,,,No
,10230,,,,38,1,Female,,No,,,No
,11880,,,,40,1,Female,,Yes,,,Yes
,10890,,,,45,3,Female,,No,,,No
,9900,,,,35,2,Female,,No,,,No
,10560,,,,33,2,Female,,No,,,No
,1650,,,,37,3,Female,,No,,,Yes
,5610,,,,28,1,Female,,No,,,No
,11550,,,,44,3,Male,,Yes,,,No
,660,,,,37,2,Male,,Yes,,,No
,1650,,,,23,2,Male,,No,,,Yes
,660,,,,24,3,Female,,No,,,No
,1650,,,,24,1,Female,,No,,,No
,660,,,,23,2,Male,,No,,,Yes
,1650,,,,26,2,Male,,Yes,,,No
,6270,,,,34,2,Male,,No,,,Yes
,1980,,,,33,2,Female,,Yes,,,No
,2640,,,,35,1,Male,,No,,,No
,4950,,,,27,2,Female,,No,,,No
,6930,,,,31,1,Female,,No,,,No
,7920,,,,50,3,Female,,Yes,,,Yes
,1980,,,,28,1,Female,,No,,,No
,1650,,,,39,1,Male,,No,,,No
,1650,,,,27,2,Female,,No,,,No
,5940,,,,32,1,Female,,No,,,No
,990,,,,40,1,Female,,No,,,No
,660,,,,40,2,Female,,No,,,No
,8250,,,,75,2,Female,,Yes,,,No
,3300,,,,27,2,Female,,No,,,No
,10890,,,,25,1,Male,,No,,,No
,1650,,,,46,3,Male,,Yes,,,No
,1650,,,,26,2,Female,,No,,,No
,990,,,,28,2,Male,,No,,,No
,4620,,,,26,2,Female,,No,,,Yes
,5280,,,,28,1,Female,,No,,,No
,13200,,,,29,2,Female,,No,,,No
,1650,,,,25,2,Male,,Yes,,,No
,4620,,,,48,2,Female,,Yes,,,No
,5280,,,,33,2,Female,,Yes,,,No
,3300,,,,43,3,Female,,Yes,,,No
,7260,,,,48,1,Male,,Yes,,,Yes
,16830,,,,29,1,Female,,No,,,No
,1650,,,,29,2,Male,,No,,,No
,5280,,,,38,1,Female,,Yes,,,No
,7590,,,,37,1,Female,,No,,,No
,2640,,,,37,1,Female,,No,,,No
,4950,,,,25,2,Female,,Yes,,,No
,330,,,,23,3,Male,,No,,,No
,4290,,,,49,3,Female,,No,,,Yes
,1320,,,,48,1,Female,,No,,,No
,1650,,,,27,2,Male,,No,,,Yes
,3300,,,,32,3,Male,,No,,,No
,3960,,,,34,1,Male,,Yes,,,No
,8580,,,,58,1,Female,,No,,,Yes
,6600,,,,33,2,Female,,No,,,No
,11880,,,,28,2,Female,,No,,,Yes
,2310,,,,36,2,Female,,No,,,No
,15180,,,,40,1,Male,,Yes,,,Yes
,1650,,,,26,1,Female,,No,,,No
,1650,,,,33,3,Male,,Yes,,,No
,8250,,,,31,2,Female,,Yes,,,No
,990,,,,27,1,Female,,No,,,No
,8910,,,,44,2,Male,,Yes,,,No
,5940,,,,30,3,Female,,No,,,No
,3300,,,,28,1,Female,,No,,,No
,7590,,,,32,3,Female,,Yes,,,No
,6930,,,,46,1,Female,,Yes,,,No
,6930,,,,38,1,Male,,No,,,No
,14520,,,,46,2,Female,,Yes,,,No
,3300,,,,25,2,Female,,No,,,Yes
,7920,,,,46,2,Female,,Yes,,,No
,9240,,,,33,1,Male,,No,,,Yes
,1650,,,,22,2,Female,,No,,,Yes
,990,,,,43,2,Male,,Yes,,,No
,330,,,,27,2,Male,,No,,,Yes
,4290,,,,29,1,Male,,No,,,No
,6600,,,,31,1,Male,,No,,,No
,3960,,,,29,2,Female,,Yes,,,No
,6930,,,,36,2,Female,,Yes,,,No
,9240,,,,36,1,Female,,Yes,,,No
,9900,,,,34,1,Male,,No,,,Yes
,3300,,,,37,2,Male,,No,,,No
,14520,,,,36,1,Female,,No,,,No
,1650,,,,40,3,Female,,Yes,,,No
,660,,,,25,1,Female,,No,,,Yes
,6600,,,,27,1,Female,,No,,,No
,3630,,,,26,2,Female,,No,,,No
,16500,,,,36,2,Female,,Yes,,,No
,9900,,,,27,2,Female,,Yes,,,No
,990,,,,55,3,Male,,Yes,,,Yes
,1980,,,,27,1,Female,,No,,,No
,13200,,,,38,2,Female,,Yes,,,No
,5940,,,,34,2,Female,,Yes,,,No
,660,,,,40,1,Male,,No,,,No
,6600,,,,49,3,Female,,Yes,,,Yes
,3300,,,,27,1,Male,,No,,,No
,1980,,,,23,2,Male,,No,,,Yes
,3630,,,,36,2,Female,,No,,,No
,8580,,,,53,3,Female,,Yes,,,No
,1650,,,,46,3,Female,,Yes,,,No
,5940,,,,29,2,Male,,No,,,No
,3630,,,,29,2,Male,,No,,,Yes
,11220,,,,27,1,Female,,No,,,No
,1650,,,,24,2,Male,,No,,,No
,7590,,,,28,2,Female,,Yes,,,Yes
,11880,,,,32,2,Female,,No,,,No
,6930,,,,43,2,Male,,No,,,No
,7260,,,,41,2,Female,,Yes,,,Yes
,1980,,,,34,2,Female,,Yes,,,Yes
,11220,,,,55,2,Male,,Yes,,,No
,4950,,,,40,1,Male,,Yes,,,No
,6600,,,,37,2,Female,,Yes,,,Yes
,4290,,,,40,2,Female,,No,,,Yes
,1980,,,,28,1,Female,,No,,,No
,13200,,,,43,2,Female,,Yes,,,No
,660,,,,27,1,Male,,No,,,No
,6270,,,,28,1,Female,,No,,,No
,8580,,,,30,1,Female,,No,,,No
,4620,,,,31,2,Female,,No,,,No
,1650,,,,31,2,Female,,Yes,,,Yes
,3960,,,,34,1,Female,,No,,,No
,7920,,,,30,2,Female,,No,,,No
,1650,,,,36,2,Male,,No,,,No
,6600,,,,29,1,Female,,No,,,No
,5940,,,,39,1,Male,,Yes,,,No
,5940,,,,26,1,Female,,No,,,No
,5280,,,,29,1,Female,,No,,,No
,3300,,,,26,2,Female,,No,,,No
,1650,,,,29,2,Female,,No,,,Yes
,4620,,,,31,2,Female,,No,,,No
,990,,,,26,2,Female,,No,,,Yes
,2970,,,,26,1,Male,,No,,,No
,6600,,,,36,1,Male,,Yes,,,No
,12540,,,,30,1,Male,,No,,,Yes
,2640,,,,43,2,Female,,No,,,No
,1650,,,,58,3,Male,,Yes,,,No
,5940,,,,45,2,Male,,Yes,,,Yes
,7920,,,,26,2,Female,,No,,,No
,12540,,,,34,2,Male,,No,,,No
,3630,,,,24,4,Female,,No,,,No
,8580,,,,34,1,Male,,Yes,,,No
,16500,,,,23,2,Female,,No,,,Yes
,10560,,,,30,2,Female,,No,,,No
,1650,,,,32,2,Male,,No,,,No
,3630,,,,40,1,Male,,Yes,,,Yes
,7590,,,,35,1,Female,,No,,,No
,10890,,,,56,2,Female,,Yes,,,No
,1650,,,,61,2,Female,,Yes,,,No
,330,,,,24,2,Male,,No,,,No
,9900,,,,40,1,Male,,Yes,,,No
,660,,,,32,2,Female,,Yes,,,Yes
,5940,,,,36,2,Male,,Yes,,,Yes
,5280,,,,30,1,Male,,No,,,No
,2970,,,,34,1,Female,,No,,,No
,5940,,,,46,1,Male,,Yes,,,No
,990,,,,58,3,Male,,Yes,,,No
,990,,,,43,2,Male,,Yes,,,No
,4620,,,,28,1,Female,,No,,,No
,6930,,,,30,1,Male,,No,,,No
,1650,,,,31,2,Male,,No,,,Yes
,4290,,,,29,2,Female,,No,,,No
,1650,,,,37,2,Female,,Yes,,,Yes
,4620,,,,36,3,Male,,Yes,,,No
,5610,,,,28,2,Female,,No,,,Yes
,2640,,,,25,2,Male,,No,,,No
,13530,,,,42,3,Female,,Yes,,,No
,2640,,,,29,1,Female,,No,,,No
,2640,,,,73,3,Male,,Yes,,,Yes
,4950,,,,43,2,Male,,Yes,,,No
,8580,,,,30,1,Male,,Yes,,,Yes
,11550,,,,38,1,Male,,Yes,,,No
,9240,,,,39,2,Female,,Yes,,,Yes
,10230,,,,44,2,Male,,Yes,,,No
,4620,,,,29,2,Female,,No,,,No
,11880,,,,51,1,Male,,Yes,,,No
,4620,,,,27,1,Female,,No,,,No
,3300,,,,38,1,Male,,No,,,No
,1650,,,,22,2,Female,,No,,,No
,6930,,,,30,2,Female,,Yes,,,No
,3960,,,,25,2,Female,,No,,,No
,7920,,,,29,1,Male,,No,,,No
,4950,,,,41,1,Male,,No,,,Yes
,990,,,,48,2,Male,,Yes,,,No
,5280,,,,29,1,Female,,No,,,Yes
,6600,,,,52,1,Male,,Yes,,,No
,3960,,,,25,2,Female,,Yes,,,No
,16500,,,,37,1,Male,,Yes,,,No
,10560,,,,27,1,Female,,No,,,No
,9240,,,,31,1,Male,,No,,,No
,1980,,,,23,1,Female,,No,,,Yes
,6600,,,,38,1,Female,,Yes,,,No
,7590,,,,32,1,Female,,Yes,,,No
,7590,,,,27,2,Female,,No,,,Yes
,15840,,,,41,3,Female,,Yes,,,No
,1650,,,,35,3,Female,,Yes,,,No
,6600,,,,31,1,Female,,No,,,No
,1650,,,,30,1,Female,,No,,,No
,1650,,,,48,2,Male,,Yes,,,No
,8580,,,,36,1,Female,,No,,,Yes
,990,,,,24,1,Male,,No,,,No
,14520,,,,29,1,Female,,No,,,No
,7590,,,,38,2,Female,,No,,,No
,6600,,,,38,2,Male,,Yes,,,Yes
,16170,,,,30,2,Female,,Yes,,,No
,2640,,,,32,2,Female,,Yes,,,No
,660,,,,49,3,Female,,No,,,Yes
,5610,,,,31,1,Female,,No,,,Yes
,2310,,,,27,1,Male,,No,,,No
,6930,,,,33,2,Female,,No,,,No
,2970,,,,25,2,Female,,No,,,No
,12870,,,,27,1,Female,,No,,,Yes
,3630,,,,29,1,Female,,No,,,No
,19140,,,,36,1,Female,,Yes,,,No
,11880,,,,55,3,Male,,Yes,,,No
,8910,,,,32,2,Female,,Yes,,,Yes
,1980,,,,27,1,Female,,No,,,No
,3630,,,,37,3,Male,,Yes,,,No
,1650,,,,25,1,Female,,Yes,,,No
,2640,,,,23,1,Female,,No,,,Yes
,1650,,,,23,2,Male,,No,,,No
,3300,,,,32,1,Male,,No,,,No
,990,,,,26,1,Female,,No,,,No
,6600,,,,27,1,Female,,No,,,No
,7920,,,,44,1,Male,,No,,,Yes
,7260,,,,34,2,Male,,No,,,No
,5280,,,,28,1,Female,,No,,,No
,5940,,,,53,1,Female,,Yes,,,No
,6600,,,,42,4,Male,,Yes,,,No
,4620,,,,30,3,Female,,Yes,,,No
,12540,,,,51,1,Male,,Yes,,,Yes
,19800,,,,53,1,Male,,Yes,,,Yes
,8580,,,,37,2,Male,,No,,,No
,6600,,,,26,1,Female,,No,,,No
,2640,,,,42,2,Male,,No,,,No
,1320,,,,39,2,Male,,No,,,No
,4290,,,,39,3,Male,,No,,,No
,1650,,,,32,1,Male,,No,,,No
,7590,,,,41,2,Female,,Yes,,,No
,2310,,,,48,2,Male,,Yes,,,Yes
,5940,,,,38,2,Female,,Yes,,,No
,2640,,,,36,2,Female,,Yes,,,No
,9570,,,,26,2,Female,,No,,,No
,7590,,,,28,1,Female,,No,,,No
,7590,,,,59,1,Male,,Yes,,,Yes
,7260,,,,38,1,Male,,No,,,Yes
,7590,,,,32,2,Male,,No,,,No
,16500,,,,38,2,Male,,Yes,,,No
,2970,,,,41,1,Female,,Yes,,,No
,12870,,,,35,3,Female,,No,,,Yes
,13200,,,,41,2,Female,,No,,,No
,5940,,,,34,2,Male,,Yes,,,No
,1980,,,,38,3,Male,,Yes,,,No
,3960,,,,32,2,Female,,Yes,,,No
,1980,,,,29,2,Female,,No,,,No
,1650,,,,44,1,Male,,No,,,No
,2310,,,,37,2,Female,,Yes,,,No
,16500,,,,38,1,Female,,Yes,,,No
,6600,,,,31,1,Male,,No,,,No
,8250,,,,40,2,Female,,Yes,,,No
,4620,,,,26,2,Male,,No,,,Yes
,2310,,,,28,2,Female,,No,,,No
,2970,,,,48,3,Male,,Yes,,,No
,3300,,,,43,2,Female,,Yes,,,No
,6270,,,,31,2,Male,,Yes,,,No
,7590,,,,42,1,Female,,Yes,,,No
,10560,,,,39,2,Male,,Yes,,,No
,7260,,,,36,2,Female,,Yes,,,Yes
,8580,,,,34,1,Female,,Yes,,,No
,2970,,,,32,2,Female,,No,,,No
,990,,,,43,2,Female,,Yes,,,No
,8580,,,,30,2,Male,,No,,,No
,5610,,,,28,2,Female,,No,,,No
,2640,,,,28,1,Female,,Yes,,,Yes
,1650,,,,41,1,Male,,Yes,,,No
,6600,,,,47,3,Female,,No,,,No
,660,,,,23,2,Male,,No,,,No
,8250,,,,49,1,Female,,Yes,,,No
,660,,,,38,1,Male,,Yes,,,No
,990,,,,38,2,Female,,Yes,,,No
,2970,,,,35,2,Female,,Yes,,,No
,7590,,,,46,4,Female,,No,,,No
,4290,,,,33,1,Female,,Yes,,,Yes
,990,,,,53,4,Male,,Yes,,,No
,5280,,,,35,1,Male,,No,,,No
,16500,,,,43,2,Female,,No,,,No
,5940,,,,28,2,Female,,No,,,No
,2640,,,,30,2,Female,,Yes,,,No
,3960,,,,26,1,Male,,No,,,No
,4290,,,,31,2,Male,,Yes,,,No
,3960,,,,35,2,Female,,No,,,Yes
,11880,,,,28,1,Male,,No,,,No
,1650,,,,23,2,Male,,No,,,Yes
,660,,,,23,2,Female,,No,,,No
,3300,,,,56,3,Male,,Yes,,,No
,2310,,,,32,3,Male,,Yes,,,No
,1650,,,,47,2,Male,,Yes,,,No
,330,,,,22,2,Female,,No,,,No
,9570,,,,34,1,Female,,Yes,,,No
,990,,,,31,1,Female,,Yes,,,No
,13530,,,,27,2,Female,,No,,,No
,11880,,,,28,1,Male,,No,,,Yes
,4620,,,,42,2,Female,,Yes,,,Yes
,6930,,,,32,1,Female,,No,,,No
,7260,,,,27,2,Female,,No,,,No
,660,,,,27,2,Male,,No,,,No
,20460,,,,45,2,Female,,Yes,,,Yes
,11880,,,,26,1,Male,,No,,,No
,660,,,,21,2,Female,,No,,,No
,1650,,,,23,2,Male,,No,,,No
,330,,,,46,2,Male,,No,,,Yes
,3300,,,,50,3,Female,,Yes,,,Yes
,1650,,,,26,1,Male,,No,,,No
,1980,,,,25,2,Male,,No,,,No
,14520,,,,35,1,Female,,No,,,No
,3960,,,,44,2,Male,,Yes,,,No
,1650,,,,52,1,Female,,No,,,No
,3630,,,,40,2,Female,,Yes,,,No
,6600,,,,38,1,Female,,No,,,No
,4950,,,,28,1,Female,,No,,,No
,990,,,,36,2,Female,,Yes,,,Yes
,3300,,,,24,1,Female,,No,,,No
,11880,,,,34,1,Female,,Yes,,,No
,12870,,,,31,1,Female,,No,,,No
,7260,,,,41,1,Female,,Yes,,,Yes
,5280,,,,25,2,Female,,No,,,No
,7590,,,,28,1,Female,,No,,,No
,3960,,,,27,1,Male,,No,,,No
,3300,,,,52,3,Male,,Yes,,,Yes
,6270,,,,41,1,Female,,No,,,Yes
,1650,,,,56,1,Male,,Yes,,,Yes
,7920,,,,42,1,Female,,Yes,,,No
,1320,,,,24,2,Female,,No,,,No
,20790,,,,47,2,Female,,Yes,,,No
,5280,,,,33,1,Female,,Yes,,,No
,3630,,,,32,2,Female,,No,,,No
,660,,,,29,2,Male,,No,,,No
,6930,,,,53,3,Female,,Yes,,,No
,8910,,,,34,1,Male,,No,,,No
,11880,,,,52,2,Female,,No,,,No
,1980,,,,42,2,Female,,Yes,,,No
,11880,,,,38,2,Male,,No,,,No
,12870,,,,45,1,Female,,No,,,No
,8250,,,,35,3,Female,,No,,,No
,2970,,,,24,1,Female,,No,,,Yes
,11880,,,,28,1,Male,,No,,,No
,1650,,,,26,3,Male,,No,,,No
,8910,,,,40,1,Female,,Yes,,,No
,6600,,,,29,1,Female,,No,,,No
,1650,,,,23,2,Female,,No,,,No
,11550,,,,33,1,Male,,No,,,No
,5280,,,,60,2,Female,,No,,,Yes
,2640,,,,49,3,Female,,Yes,,,No
,9570,,,,53,1,Male,,Yes,,,Yes
,8910,,,,28,1,Female,,No,,,No
,2640,,,,31,1,Male,,No,,,No
,1650,,,,36,2,Male,,No,,,No
,990,,,,35,2,Male,,Yes,,,No
,990,,,,28,2,Male,,No,,,Yes
,2970,,,,33,2,Male,,No,,,No
,5280,,,,26,1,Male,,No,,,No
,2640,,,,53,3,Female,,No,,,No
,1650,,,,42,2,Male,,No,,,No
,660,,,,25,1,Female,,No,,,No
,7260,,,,43,1,Male,,Yes,,,Yes
,6930,,,,25,3,Male,,No,,,Yes
,4290,,,,29,2,Female,,No,,,No
,8580,,,,31,2,Female,,Yes,,,No
,7590,,,,30,1,Female,,Yes,,,No
,5280,,,,34,1,Male,,No,,,No
,1650,,,,35,1,Male,,Yes,,,No
,2640,,,,32,2,Male,,Yes,,,No
,3630,,,,46,3,Male,,No,,,No
,6600,,,,43,1,Male,,Yes,,,No
,11880,,,,29,2,Male,,No,,,No
,6930,,,,31,3,Female,,No,,,No
,2640,,,,24,2,Female,,No,,,No
,9900,,,,36,2,Female,,Yes,,,Yes
,10230,,,,43,2,Female,,Yes,,,No
,990,,,,59,3,Male,,Yes,,,Yes
,5610,,,,53,1,Male,,Yes,,,No
,4620,,,,28,2,Female,,No,,,No
,5940,,,,31,2,Female,,No,,,No
,1650,,,,34,1,Male,,No,,,No
,1650,,,,36,2,Female,,Yes,,,No
,3630,,,,24,1,Female,,No,,,No
,14850,,,,36,3,Female,,Yes,,,No
,6600,,,,34,2,Female,,Yes,,,No
,7260,,,,43,1,Male,,No,,,No
,11880,,,,29,1,Female,,No,,,Yes
,1650,,,,37,2,Male,,Yes,,,No
,1320,,,,23,2,Male,,No,,,No
,6270,,,,37,2,Female,,Yes,,,No
,4950,,,,33,1,Male,,No,,,No
,6600,,,,37,1,Female,,Yes,,,No
,8910,,,,56,2,Female,,Yes,,,No
,1980,,,,25,1,Male,,No,,,No
,6600,,,,39,2,Female,,Yes,,,No
,4950,,,,39,2,Female,,Yes,,,No
,5940,,,,28,2,Female,,No,,,No
,2970,,,,27,1,Female,,No,,,No
,11880,,,,37,2,Female,,Yes,,,No
,2970,,,,24,1,Female,,No,,,No
,660,,,,24,2,Female,,No,,,No
,2310,,,,46,1,Male,,Yes,,,No
,7590,,,,39,1,Male,,Yes,,,No
,990,,,,48,3,Male,,Yes,,,No
,3300,,,,49,3,Male,,No,,,No
,1650,,,,23,2,Female,,No,,,No
,660,,,,25,3,Female,,Yes,,,No
,6930,,,,47,2,Female,,Yes,,,No
,3630,,,,56,3,Male,,Yes,,,No
,660,,,,44,3,Female,,Yes,,,No
,1650,,,,49,3,Female,,Yes,,,No
,1650,,,,41,2,Male,,Yes,,,No
,13200,,,,40,1,Female,,No,,,No
,5610,,,,31,2,Male,,No,,,No
,9240,,,,42,2,Male,,Yes,,,No
,4290,,,,28,3,Female,,Yes,,,No
,6930,,,,32,2,Female,,No,,,No
,12210,,,,28,2,Male,,No,,,No
,990,,,,31,2,Female,,Yes,,,No
,4950,,,,39,3,Male,,No,,,No
,1980,,,,31,3,Male,,Yes,,,Yes
,2640,,,,24,2,Female,,No,,,No
,9240,,,,44,2,Female,,Yes,,,Yes
,660,,,,46,2,Female,,No,,,No
,8910,,,,32,1,Male,,No,,,No
,7920,,,,26,2,Female,,No,,,No
,660,,,,22,1,Female,,No,,,No
,14850,,,,42,1,Female,,Yes,,,Yes
,330,,,,33,2,Male,,No,,,No
,9240,,,,39,2,Male,,Yes,,,Yes
,9570,,,,27,3,Female,,No,,,No
,6270,,,,28,1,Female,,No,,,Yes
,2640,,,,23,1,Female,,No,,,No
,9240,,,,28,2,Female,,No,,,No
,5280,,,,33,1,Female,,Yes,,,No
,2970,,,,40,2,Male,,Yes,,,Yes
,4620,,,,37,1,Female,,No,,,No
,1650,,,,22,1,Male,,No,,,No
,1320,,,,32,2,Female,,Yes,,,No
,4290,,,,43,3,Female,,Yes,,,No
,2310,,,,27,3,Female,,Yes,,,No
,990,,,,35,2,Female,,Yes,,,No
,3300,,,,35,3,Female,,Yes,,,No
,660,,,,30,1,Female,,Yes,,,Yes
,990,,,,34,2,Female,,No,,,No
,660,,,,34,2,Male,,Yes,,,Yes
,3300,,,,28,1,Female,,No,,,Yes
,990,,,,25,2,Male,,No,,,Yes
,10560,,,,41,1,Female,,Yes,,,No
,2970,,,,42,3,Male,,No,,,Yes
,6270,,,,40,2,Male,,No,,,Yes
,6600,,,,28,1,Male,,No,,,No
,9900,,,,31,2,Female,,No,,,No
,990,,,,56,1,Female,,No,,,No
,7590,,,,29,1,Female,,No,,,No
,7590,,,,35,1,Female,,Yes,,,No
,10230,,,,28,2,Female,,No,,,No
,10560,,,,40,1,Male,,Yes,,,No
,11880,,,,47,1,Male,,Yes,,,No
,660,,,,41,3,Female,,Yes,,,Yes
,5610,,,,27,2,Female,,No,,,No
,4620,,,,40,1,Male,,Yes,,,No
,2640,,,,32,2,Male,,No,,,No
,4950,,,,35,2,Male,,No,,,No
,5610,,,,27,2,Male,,No,,,No
,6600,,,,29,2,Female,,Yes,,,Yes
,2310,,,,30,1,Male,,No,,,No
,10560,,,,37,2,Male,,Yes,,,No
,4950,,,,29,1,Female,,No,,,No
,1650,,,,34,1,Female,,Yes,,,No
,2970,,,,34,2,Female,,No,,,No
,9240,,,,41,1,Male,,Yes,,,No
,9900,,,,31,1,Female,,No,,,No
,13200,,,,40,2,Female,,No,,,No
,6600,,,,27,1,Female,,Yes,,,No
,330,,,,22,3,Female,,No,,,Yes
,1650,,,,26,1,Male,,No,,,Yes
,1650,,,,38,2,Male,,Yes,,,No
,990,,,,46,3,Female,,Yes,,,No
,660,,,,24,2,Male,,No,,,No
,660,,,,49,2,Male,,No,,,No
,990,,,,42,2,Female,,Yes,,,No
,11880,,,,30,1,Female,,Yes,,,No
,5610,,,,42,2,Male,,Yes,,,No
,13200,,,,31,1,Female,,No,,,No
,1650,,,,49,2,Female,,Yes,,,No
,5280,,,,27,2,Female,,No,,,No
,2310,,,,33,2,Female,,Yes,,,Yes
,4950,,,,35,1,Female,,Yes,,,No
,2640,,,,48,2,Female,,No,,,No
,990,,,,22,2,Female,,No,,,No
,330,,,,22,2,Male,,No,,,Yes
,5940,,,,27,1,Female,,No,,,No
,10560,,,,47,1,Male,,Yes,,,No
,2640,,,,34,2,Female,,No,,,No
,330,,,,45,2,Male,,Yes,,,Yes
,11880,,,,39,2,Female,,No,,,No
,14850,,,,33,2,Male,,No,,,No
,10890,,,,29,2,Female,,No,,,No
,1980,,,,29,1,Male,,No,,,Yes
,1650,,,,26,3,Female,,No,,,No
,6600,,,,38,2,Male,,Yes,,,No
,3960,,,,34,1,Male,,No,,,No
,5280,,,,37,1,Female,,Yes,,,No
,3630,,,,57,2,Male,,Yes,,,No
,2310,,,,50,3,Female,,Yes,,,No
,4950,,,,28,3,Female,,No,,,No
,20130,,,,31,1,Female,,No,,,No
,3630,,,,25,1,Female,,No,,,No
,2640,,,,25,2,Female,,No,,,Yes
,5610,,,,33,2,Female,,Yes,,,No
,3630,,,,30,1,Female,,No,,,No
,4620,,,,51,1,Female,,Yes,,,No
,2310,,,,51,1,Male,,No,,,No
,8580,,,,46,2,Female,,Yes,,,No
,5610,,,,38,3,Male,,No,,,No
,1650,,,,34,2,Female,,Yes,,,No
,9900,,,,34,3,Female,,Yes,,,Yes
,4950,,,,31,1,Female,,No,,,Yes
,1650,,,,25,2,Female,,No,,,Yes
,1650,,,,26,2,Female,,Yes,,,No
,2970,,,,25,1,Female,,No,,,No
,1650,,,,26,2,Male,,No,,,Yes
,16500,,,,43,2,Female,,No,,,No
,15510,,,,36,2,Female,,Yes,,,No
,7590,,,,58,2,Male,,No,,,No
,4620,,,,26,2,Female,,No,,,No
,7590,,,,30,2,Female,,Yes,,,Yes
,13860,,,,31,2,Female,,No,,,No
,990,,,,24,2,Female,,No,,,No
,1650,,,,52,2,Female,,No,,,Yes
,4620,,,,24,2,Female,,No,,,No
,8580,,,,35,2,Female,,Yes,,,No
,2970,,,,29,3,Female,,No,,,No
,7920,,,,33,2,Female,,Yes,,,No
,16830,,,,35,1,Female,,No,,,No
,3630,,,,35,2,Female,,Yes,,,No
,6930,,,,28,1,Female,,No,,,No
,7260,,,,40,2,Male,,Yes,,,No
,6600,,,,35,1,Female,,Yes,,,No
,11880,,,,53,2,Female,,No,,,No
,8580,,,,44,1,Male,,No,,,No
,660,,,,33,2,Male,,Yes,,,No
,3960,,,,32,2,Female,,Yes,,,No
,1650,,,,33,1,Female,,No,,,No
,1980,,,,26,1,Female,,No,,,No
,6600,,,,26,1,Male,,No,,,No
,660,,,,26,2,Male,,No,,,No
,1650,,,,32,1,Female,,Yes,,,Yes
,1650,,,,31,2,Female,,No,,,No
,7590,,,,29,1,Male,,No,,,No
,1650,,,,27,2,Male,,Yes,,,No
,3300,,,,28,1,Female,,No,,,Yes
,6930,,,,42,1,Female,,Yes,,,Yes
,7590,,,,32,2,Female,,Yes,,,Yes
,16500,,,,26,1,Female,,No,,,No
,12210,,,,38,1,Female,,No,,,No
,7590,,,,35,1,Female,,Yes,,,No
,2640,,,,29,2,Male,,No,,,No
,1980,,,,29,2,Female,,No,,,No
,990,,,,51,2,Female,,No,,,No
,2310,,,,27,1,Male,,No,,,No
,13530,,,,32,1,Male,,No,,,No
,9240,,,,40,3,Female,,Yes,,,No
,1650,,,,34,1,Female,,Yes,,,No
,3300,,,,30,2,Female,,Yes,,,No
,7590,,,,29,1,Female,,No,,,No
,1650,,,,22,1,Female,,No,,,No
,3300,,,,48,1,Female,,No,,,No
,6930,,,,35,2,Female,,Yes,,,No
,13200,,,,37,1,Male,,No,,,No
,660,,,,25,2,Male,,No,,,Yes
,1650,,,,44,3,Female,,Yes,,,No
,7590,,,,28,1,Female,,No,,,No
,7260,,,,29,2,Male,,No,,,No
,9900,,,,36,1,Female,,Yes,,,No
,2640,,,,23,2,Female,,No,,,No
,660,,,,36,3,Female,,No,,,Yes
,6270,,,,26,1,Female,,No,,,No
,5280,,,,37,2,Female,,No,,,No
,23100,,,,39,1,Female,,Yes,,,No
,4620,,,,24,1,Female,,No,,,No
,9900,,,,29,3,Female,,Yes,,,No
,3960,,,,33,3,Male,,Yes,,,Yes
,9240,,,,39,2,Female,,Yes,,,No
,2310,,,,51,3,Male,,Yes,,,Yes
,660,,,,24,3,Female,,No,,,No
,4950,,,,45,2,Female,,Yes,,,No
,1980,,,,30,1,Male,,No,,,No
,6600,,,,51,3,Female,,No,,,No
,1650,,,,24,2,Female,,No,,,Yes
,4950,,,,50,2,Male,,Yes,,,No
,660,,,,22,1,Female,,No,,,No
,1320,,,,27,1,Male,,No,,,Yes
,5610,,,,33,2,Female,,No,,,No
,1650,,,,24,2,Female,,Yes,,,No
,330,,,,37,2,Male,,No,,,No
,6600,,,,58,2,Female,,Yes,,,No
,1650,,,,48,2,Female,,Yes,,,No
,10560,,,,28,1,Male,,No,,,No
,660,,,,24,3,Female,,Yes,,,No
,15510,,,,27,2,Female,,Yes,,,Yes
,7590,,,,30,3,Female,,No,,,No
,660,,,,23,1,Female,,No,,,No
,990,,,,53,3,Female,,No,,,Yes
,2640,,,,23,2,Female,,No,,,No
,3630,,,,55,2,Female,,Yes,,,No
,13860,,,,34,2,Male,,Yes,,,No
,16500,,,,43,1,Male,,Yes,,,Yes
,2640,,,,22,2,Female,,No,,,No
,11550,,,,31,2,Female,,Yes,,,No
,990,,,,32,2,Female,,Yes,,,No
,3630,,,,33,2,Female,,No,,,Yes
,16500,,,,39,3,Male,,Yes,,,No
,16170,,,,38,1,Female,,Yes,,,No
,9900,,,,34,2,Female,,Yes,,,No
,4950,,,,37,3,Male,,Yes,,,Yes
,2640,,,,57,3,Female,,Yes,,,No
,1320,,,,23,2,Female,,No,,,No
,990,,,,32,2,Male,,No,,,No
,1650,,,,37,1,Male,,Yes,,,No
,4620,,,,23,2,Female,,No,,,No
,1650,,,,49,3,Female,,No,,,No
,990,,,,25,2,Female,,No,,,No
,1320,,,,29,1,Female,,No,,,Yes
,3300,,,,43,3,Female,,Yes,,,Yes
,4290,,,,29,2,Male,,No,,,No
,660,,,,27,2,Female,,No,,,No
,1650,,,,26,1,Male,,No,,,No
,8580,,,,41,1,Male,,Yes,,,No
,990,,,,52,3,Female,,No,,,Yes
,330,,,,31,2,Female,,Yes,,,No
,6600,,,,32,1,Male,,No,,,No
,990,,,,46,2,Female,,Yes,,,No
,5940,,,,35,2,Female,,No,,,No
,3300,,,,35,1,Male,,No,,,No
,4620,,,,39,2,Female,,Yes,,,No
,9570,,,,34,2,Female,,No,,,No
,2640,,,,40,3,Female,,Yes,,,No
,16500,,,,38,3,Female,,Yes,,,No
,5940,,,,45,1,Male,,Yes,,,No
,660,,,,40,3,Female,,Yes,,,No
,990,,,,25,2,Female,,Yes,,,No
,4950,,,,33,1,Male,,No,,,No
,9240,,,,27,2,Female,,No,,,No
,1650,,,,43,2,Female,,Yes,,,No
,660,,,,43,2,Female,,Yes,,,No
,6600,,,,30,1,Male,,No,,,No
,6930,,,,49,2,Female,,Yes,,,Yes
,7590,,,,38,1,Female,,No,,,No
,1650,,,,57,3,Male,,No,,,No
,1650,,,,55,3,Male,,No,,,Yes
,2310,,,,23,2,Female,,No,,,No
,10230,,,,30,1,Male,,No,,,No
,5940,,,,30,2,Female,,Yes,,,No
,2970,,,,24,2,Female,,No,,,No
,12870,,,,28,2,Male,,No,,,No
,4950,,,,34,3,Female,,Yes,,,No
,13200,,,,37,2,Male,,No,,,No
,2640,,,,32,2,Female,,Yes,,,No
,10560,,,,27,1,Male,,No,,,No
,7920,,,,37,2,Female,,Yes,,,Yes
,6600,,,,31,1,Male,,No,,,No
,5610,,,,28,1,Female,,No,,,Yes
,6600,,,,36,1,Male,,Yes,,,No
,11880,,,,30,1,Male,,No,,,No
,4620,,,,36,1,Female,,Yes,,,No
,7260,,,,25,2,Male,,No,,,No
,3300,,,,50,3,Male,,Yes,,,No
,2640,,,,40,2,Female,,No,,,No
,990,,,,27,2,Female,,No,,,No
,1650,,,,30,1,Male,,No,,,Yes
,3960,,,,26,2,Female,,No,,,No
,1650,,,,27,1,Male,,No,,,No
,11880,,,,27,1,Female,,No,,,No
,2970,,,,25,1,Female,,No,,,No
,16500,,,,32,1,Male,,No,,,No
,4620,,,,46,3,Female,,Yes,,,No
,990,,,,45,3,Male,,Yes,,,No
,2310,,,,30,3,Male,,Yes,,,No
,6600,,,,39,1,Male,,Yes,,,No
,11550,,,,48,1,Male,,Yes,,,No
,3960,,,,32,1,Male,,No,,,Yes
,7920,,,,46,1,Male,,No,,,No
,2970,,,,23,1,Female,,No,,,No
,8580,,,,33,1,Female,,No,,,No
,1650,,,,24,1,Female,,No,,,No
,3630,,,,40,1,Male,,Yes,,,No
,660,,,,24,1,Female,,No,,,No
,990,,,,24,2,Female,,No,,,No
,5940,,,,27,1,Male,,No,,,Yes
,660,,,,46,2,Male,,Yes,,,No
,1650,,,,22,2,Female,,No,,,No
,5940,,,,36,1,Female,,No,,,No
,6600,,,,34,1,Male,,Yes,,,No
,8580,,,,24,2,Female,,No,,,No
,10560,,,,60,1,Male,,Yes,,,Yes
,5280,,,,29,2,Female,,No,,,Yes
,990,,,,32,2,Male,,No,,,Yes
,1650,,,,36,2,Female,,Yes,,,No
,1650,,,,30,2,Male,,No,,,No
,2970,,,,29,2,Female,,No,,,No
,7920,,,,34,1,Male,,No,,,No
,5940,,,,32,2,Female,,Yes,,,Yes
,6600,,,,32,2,Female,,Yes,,,No
,1650,,,,25,1,Female,,No,,,No
,1650,,,,44,2,Male,,Yes,,,No
,10890,,,,37,1,Female,,Yes,,,No
,2640,,,,24,2,Female,,No,,,Yes
,1650,,,,23,2,Female,,No,,,No
,11880,,,,29,1,Female,,No,,,No
,7920,,,,37,2,Female,,Yes,,,No
,1650,,,,59,2,Male,,Yes,,,No
,15510,,,,33,2,Male,,No,,,No
,5280,,,,51,3,Female,,Yes,,,No
,990,,,,27,1,Male,,Yes,,,Yes
,2640,,,,32,2,Female,,Yes,,,No
,16500,,,,42,3,Female,,No,,,No
,5940,,,,39,2,Male,,No,,,No
,3630,,,,46,2,Female,,Yes,,,No
,5280,,,,41,1,Male,,Yes,,,No
,6930,,,,30,2,Female,,No,,,No
,6600,,,,34,1,Female,,Yes,,,Yes
,11550,,,,35,1,Male,,No,,,No
,8250,,,,41,1,Male,,No,,,Yes
,12540,,,,43,1,Male,,No,,,Yes
,990,,,,47,2,Male,,No,,,No
,6600,,,,31,2,Male,,No,,,No
,990,,,,30,2,Male,,No,,,No
,1650,,,,24,2,Male,,No,,,No
,16500,,,,36,1,Male,,Yes,,,No
,990,,,,28,1,Male,,No,,,No
,7260,,,,36,1,Female,,Yes,,,No
,660,,,,27,2,Female,,Yes,,,No
,5940,,,,32,2,Female,,Yes,,,No
,9900,,,,42,1,Male,,Yes,,,Yes
,4290,,,,33,2,Female,,Yes,,,No
,5940,,,,39,3,Female,,Yes,,,Yes
,4620,,,,30,2,Male,,Yes,,,Yes
,1650,,,,22,2,Female,,No,,,No
,660,,,,25,2,Male,,No,,,Yes
,5940,,,,28,1,Male,,No,,,No
,5940,,,,26,2,Male,,No,,,Yes
,4950,,,,54,3,Female,,Yes,,,No
,2310,,,,24,1,Female,,No,,,No
,990,,,,29,2,Male,,No,,,No
,16500,,,,36,1,Male,,No,,,Yes
,1980,,,,49,3,Male,,Yes,,,No
,1650,,,,23,1,Female,,No,,,No
,4290,,,,43,3,Male,,No,,,Yes
,8580,,,,33,2,Female,,Yes,,,No
,12540,,,,53,3,Male,,Yes,,,No
,11880,,,,25,2,Female,,No,,,No
,1650,,,,54,3,Male,,Yes,,,No
,1650,,,,39,3,Female,,Yes,,,No
,8580,,,,44,1,Female,,Yes,,,Yes
,2640,,,,27,2,Female,,No,,,No
,11880,,,,25,1,Female,,No,,,Yes
,9570,,,,29,1,Female,,No,,,Yes
,6600,,,,39,1,Male,,No,,,No
,4620,,,,45,1,Male,,Yes,,,No
,11880,,,,38,1,Male,,Yes,,,Yes
,1650,,,,23,2,Female,,No,,,Yes
,3960,,,,25,2,Male,,No,,,No
,3300,,,,29,2,Male,,Yes,,,No
,6600,,,,28,2,Female,,Yes,,,No
,2970,,,,40,2,Female,,Yes,,,No
,8580,,,,64,2,Male,,Yes,,,Yes
,5940,,,,35,1,Male,,Yes,,,No
,990,,,,23,2,Female,,Yes,,,No
,2640,,,,52,3,Male,,Yes,,,Yes
,1650,,,,36,2,Male,,Yes,,,No
,1650,,,,41,3,Male,,Yes,,,No
,2970,,,,28,2,Female,,No,,,Yes
,5940,,,,35,3,Female,,Yes,,,No
,15180,,,,39,2,Female,,Yes,,,No
,2640,,,,31,1,Male,,No,,,No
,1650,,,,35,2,Male,,No,,,Yes
,1650,,,,37,2,Male,,No,,,Yes
,7920,,,,39,1,Male,,Yes,,,No
,11880,,,,43,2,Male,,Yes,,,No
,4950,,,,23,4,Female,,No,,,No
,660,,,,24,2,Male,,No,,,No
68400,,,,4,43,,,,,,0.18,No
109692,,,,15,57,,,,,,0.53,No
60996,,,,12,59,,,,,,0.69,No
38400,,,,7,38,,,,,,0.93,Yes
46380,,,,4,27,,,,,,0.02,No
49680,,,,4,63,,,,,,0.34,No
39612,,,,8,79,,,,,,0.37,Yes
88800,,,,8,37,,,,,,0.32,No
51000,,,,6,52,,,,,,0.9,No
46248,,,,16,68,,,,,,0.01,No
30000,,,,12,30,,,,,,0.38,No
81864,,,,14,56,,,,,,0.7,No
85596,,,,8,28,,,,,,0.11,No
70800,,,,10,72,,,,,,0.46,No
34992,,,,7,37,,,,,,0.14,No
54000,,,,4,29,,,,,,0.17,Yes
106128,,,,8,48,,,,,,0.2,No
143040,,,,13,61,,,,,,0.35,No
72996,,,,4,69,,,,,,0.38,No
36492,,,,8,69,,,,,,0.67,Yes
102000,,,,17,50,,,,,,0.29,Yes
57000,,,,1,45,,,,,,0,No
90000,,,,6,34,,,,,,0.34,No
57648,,,,10,44,,,,,,0.17,No
48000,,,,12,57,,,,,,0.21,No
52248,,,,6,54,,,,,,0.13,No
97992,,,,14,61,,,,,,0.26,Yes
31200,,,,13,49,,,,,,0.62,No
60000,,,,10,32,,,,,,0.49,No
69996,,,,5,41,,,,,,0.34,No
141828,,,,25,57,,,,,,0.39,Yes
54996,,,,21,47,,,,,,1.01,No
39600,,,,12,40,,,,,,0.64,Yes
31104,,,,13,46,,,,,,0.85,No
79200,,,,8,60,,,,,,0.35,No
12420,,,,23,67,,,,,,2.99,Yes
124980,,,,12,56,,,,,,0.46,No
60000,,,,15,41,,,,,,0.19,No
97956,,,,9,56,,,,,,0.41,No
113880,,,,18,52,,,,,,0.11,No
30000,,,,14,87,,,,,,0.14,No
103260,,,,5,45,,,,,,0.28,No
58596,,,,4,48,,,,,,0.3,No
64992,,,,13,36,,,,,,0.38,No
78408,,,,8,47,,,,,,0.35,Yes
60000,,,,4,69,,,,,,0.04,No
42000,,,,6,29,,,,,,0.01,Yes
40992,,,,7,59,,,,,,0.32,Yes
49200,,,,6,36,,,,,,0.48,Yes
199992,,,,8,48,,,,,,0.29,No
21000,,,,7,32,,,,,,0.44,No
36000,,,,6,63,,,,,,0.7,No
28992,,,,6,46,,,,,,0.75,No
36000,,,,22,74,,,,,,0.8,No
144000,,,,9,44,,,,,,0.4,No
60000,,,,0,36,,,,,,0,No
74520,,,,8,60,,,,,,0.27,No
32496,,,,0,52,,,,,,0.02,Yes
62496,,,,3,31,,,,,,0.13,No
121596,,,,8,71,,,,,,0.17,No
24000,,,,3,34,,,,,,0.32,Yes
120000,,,,10,45,,,,,,0.19,No
103200,,,,6,60,,,,,,0.17,No
57780,,,,15,49,,,,,,1.02,No
36000,,,,13,40,,,,,,0.83,No
96000,,,,10,38,,,,,,0.42,No
144000,,,,9,50,,,,,,0.27,No
21852,,,,7,25,,,,,,0.36,No
92340,,,,13,80,,,,,,0.1,No
245304,,,,10,48,,,,,,0.22,No
61500,,,,6,49,,,,,,0.48,No
10800,,,,3,22,,,,,,0.17,No
31800,,,,7,26,,,,,,0.22,No
9168,,,,6,25,,,,,,0.71,No
74400,,,,1,33,,,,,,0.01,No
69000,,,,11,51,,,,,,0.25,No
246000,,,,10,49,,,,,,0.33,No
31200,,,,4,55,,,,,,0.35,No
151992,,,,8,61,,,,,,0.08,No
188040,,,,32,68,,,,,,3.01,Yes
176076,,,,16,57,,,,,,0.42,No
78828,,,,13,44,,,,,,0.7,No
31548,,,,7,51,,,,,,0.01,No
40596,,,,6,28,,,,,,0.14,No
70044,,,,6,48,,,,,,0.26,No
66000,,,,8,42,,,,,,0.64,No
94596,,,,8,42,,,,,,0.51,No
15600,,,,3,25,,,,,,0.02,No
88164,,,,10,42,,,,,,0.32,Yes
66000,,,,11,80,,,,,,0.36,No
98004,,,,13,58,,,,,,0.17,No
71592,,,,11,47,,,,,,0.34,No
37992,,,,10,39,,,,,,0.72,No
30000,,,,4,33,,,,,,0.06,No
132000,,,,15,63,,,,,,0.22,No
30000,,,,4,31,,,,,,0.2,No
70560,,,,8,43,,,,,,0.29,No
49992,,,,11,60,,,,,,0.2,No
84000,,,,7,61,,,,,,0.51,No
100728,,,,20,56,,,,,,0.63,Yes
96000,,,,5,53,,,,,,0.15,No
186720,,,,31,59,,,,,,0.24,No
48000,,,,6,93,,,,,,0,No
39996,,,,10,50,,,,,,0.46,No
83436,,,,16,37,,,,,,0.67,No
45396,,,,19,65,,,,,,0.34,Yes
89280,,,,9,42,,,,,,0.44,No
99996,,,,6,60,,,,,,0.18,No
42456,,,,8,65,,,,,,0.17,Yes
1200,,,,9,67,,,,,,0.94,Yes
49200,,,,12,80,,,,,,0.29,No
109248,,,,13,50,,,,,,0.6,Yes
150000,,,,11,50,,,,,,0.5,Yes
101148,,,,11,60,,,,,,0.04,No
90000,,,,5,34,,,,,,0.23,No
69096,,,,7,76,,,,,,0.01,No
39480,,,,10,59,,,,,,0.54,No
40968,,,,7,37,,,,,,0.14,No
56400,,,,9,44,,,,,,0.36,Yes
56400,,,,3,31,,,,,,0.12,No
49200,,,,5,76,,,,,,0.06,No
32820,,,,8,54,,,,,,0.61,Yes
27276,,,,4,59,,,,,,0,No
129600,,,,19,56,,,,,,0.61,No
97992,,,,4,63,,,,,,0.01,No
280908,,,,4,35,,,,,,0.11,No
49992,,,,11,54,,,,,,0.66,No
75000,,,,13,46,,,,,,0.6,No
96144,,,,9,51,,,,,,0.42,Yes
48000,,,,10,44,,,,,,0.64,No
96768,,,,6,64,,,,,,0.17,No
148008,,,,7,50,,,,,,0.8,No
51348,,,,2,46,,,,,,0.08,No
36000,,,,5,54,,,,,,0.01,No
59688,,,,9,66,,,,,,0.33,Yes
42000,,,,7,57,,,,,,0.32,No
74448,,,,7,77,,,,,,0,No
24000,,,,14,68,,,,,,1.01,No
66600,,,,13,39,,,,,,0.45,No
93276,,,,7,31,,,,,,0.45,No
69000,,,,8,49,,,,,,0.61,No
40608,,,,8,53,,,,,,0.35,No
48000,,,,22,56,,,,,,0.26,No
180000,,,,10,59,,,,,,0.43,No
126324,,,,11,65,,,,,,0.4,No
42000,,,,7,32,,,,,,0.31,Yes
120000,,,,2,46,,,,,,0.14,No
114000,,,,4,49,,,,,,0.06,No
140988,,,,17,66,,,,,,0.28,No
90000,,,,14,55,,,,,,0.77,No
96000,,,,5,51,,,,,,0.06,No
96360,,,,2,43,,,,,,0.03,No
168408,,,,3,49,,,,,,0.04,No
31200,,,,13,45,,,,,,0.84,No
34176,,,,4,53,,,,,,0.14,No
88800,,,,5,47,,,,,,0.16,No
184800,,,,12,53,,,,,,0.28,No
17232,,,,2,62,,,,,,0.43,No
39996,,,,2,41,,,,,,0,No
84000,,,,10,45,,,,,,0.36,No
65796,,,,16,64,,,,,,0.28,No
20400,,,,8,73,,,,,,0.04,No
109200,,,,5,41,,,,,,0.44,No
66000,,,,12,77,,,,,,0.2,No
46200,,,,21,56,,,,,,0.4,Yes
108204,,,,11,72,,,,,,0.47,No
32244,,,,6,35,,,,,,0.5,No
50676,,,,0,24,,,,,,0,No
111000,,,,6,39,,,,,,0.37,No
20280,,,,10,57,,,,,,0.15,No
61992,,,,3,58,,,,,,0.17,No
54660,,,,4,36,,,,,,0.23,No
360000,,,,14,59,,,,,,0.17,No
186396,,,,11,46,,,,,,0.24,Yes
112440,,,,9,54,,,,,,0.27,No
50400,,,,3,75,,,,,,0.02,No
56400,,,,11,37,,,,,,0.37,No
129996,,,,18,64,,,,,,0.28,No
60000,,,,4,54,,,,,,0.12,No
132000,,,,15,58,,,,,,0.23,No
71592,,,,7,32,,,,,,0.08,No
82800,,,,11,48,,,,,,0.32,No
51600,,,,2,57,,,,,,0.06,No
10800,,,,12,51,,,,,,4.19,No
59460,,,,0,48,,,,,,0,Yes
5280,,,,4,27,,,,,,0.55,Yes
116400,,,,13,63,,,,,,0.37,No
115596,,,,13,63,,,,,,0.28,No
144000,,,,10,61,,,,,,0.14,No
62220,,,,6,50,,,,,,0.37,No
80460,,,,3,52,,,,,,0.14,No
22356,,,,5,58,,,,,,0.03,No
84000,,,,9,63,,,,,,0.17,No
163992,,,,11,60,,,,,,0.39,No
37764,,,,3,31,,,,,,0.31,No
72000,,,,19,76,,,,,,0.34,No
43620,,,,16,40,,,,,,0.63,No
54000,,,,6,43,,,,,,0.11,Yes
19272,,,,1,30,,,,,,0.02,Yes
99000,,,,15,33,,,,,,0.44,No
45996,,,,3,46,,,,,,0.5,No
276000,,,,16,58,,,,,,0.41,Yes
54000,,,,3,27,,,,,,0.02,No
114036,,,,13,39,,,,,,0.16,No
48780,,,,8,47,,,,,,0.29,No
126000,,,,4,72,,,,,,0.01,No
43824,,,,10,32,,,,,,0.08,No
48000,,,,7,50,,,,,,0.27,No
30000,,,,10,46,,,,,,0.54,No
48000,,,,10,48,,,,,,0.37,Yes
49992,,,,10,36,,,,,,0.79,No
24000,,,,3,45,,,,,,0.05,Yes
72000,,,,5,60,,,,,,0.28,No
136128,,,,11,70,,,,,,0.38,No
145200,,,,21,33,,,,,,0.32,No
51636,,,,17,58,,,,,,0.15,No
114996,,,,13,75,,,,,,0.41,No
57996,,,,6,41,,,,,,0.2,No
60996,,,,4,57,,,,,,0.17,No
106224,,,,8,46,,,,,,0.49,No
90000,,,,4,31,,,,,,0.06,No
30000,,,,2,35,,,,,,0.17,Yes
102816,,,,6,57,,,,,,0.16,Yes
76800,,,,14,48,,,,,,0.57,No
36000,,,,8,60,,,,,,0.07,No
86400,,,,6,34,,,,,,0.21,No
90000,,,,11,43,,,,,,0.4,Yes
27000,,,,4,57,,,,,,0.33,No
41868,,,,4,51,,,,,,0.08,No
84000,,,,3,24,,,,,,0.09,Yes
67992,,,,2,80,,,,,,0.21,No
31200,,,,3,39,,,,,,0.13,No
147996,,,,10,48,,,,,,0.11,No
34992,,,,4,82,,,,,,0,No
21780,,,,3,41,,,,,,0.12,No
75600,,,,12,63,,,,,,0.08,No
79200,,,,12,56,,,,,,0.61,No
35004,,,,5,71,,,,,,0.18,No
90000,,,,4,48,,,,,,0.04,Yes
49992,,,,11,61,,,,,,0.23,No
150000,,,,9,69,,,,,,0.37,No
126000,,,,13,61,,,,,,0.02,No
30000,,,,2,41,,,,,,0.64,Yes
27600,,,,17,70,,,,,,0.65,Yes
0,,,,0,22,,,,,,0,Yes
29400,,,,6,46,,,,,,0.41,Yes
60000,,,,8,36,,,,,,0.34,No
25920,,,,2,27,,,,,,0.26,Yes
126000,,,,23,39,,,,,,0.08,No
122592,,,,4,43,,,,,,0.51,Yes
349992,,,,13,52,,,,,,0.17,No
66600,,,,2,33,,,,,,0.09,No
36000,,,,3,40,,,,,,0.67,No
30000,,,,10,46,,,,,,0.16,Yes
57996,,,,6,63,,,,,,0.4,No
69600,,,,9,49,,,,,,0.5,No
48000,,,,8,51,,,,,,0.58,No
72000,,,,7,51,,,,,,0.36,No
66984,,,,5,48,,,,,,0.24,No
99000,,,,12,72,,,,,,0.4,No
120000,,,,14,71,,,,,,0.5,No
24000,,,,5,67,,,,,,0.47,No
72996,,,,12,31,,,,,,0.42,No
43140,,,,9,33,,,,,,0.29,No
84000,,,,18,52,,,,,,0.39,No
55368,,,,6,42,,,,,,0.34,No
63996,,,,8,60,,,,,,0.28,No
26772,,,,7,73,,,,,,0.23,Yes
105000,,,,10,51,,,,,,0.53,No
42000,,,,4,33,,,,,,0.05,No
39912,,,,2,54,,,,,,0,Yes
49992,,,,3,32,,,,,,0.07,No
92040,,,,5,66,,,,,,0.21,No
50400,,,,4,57,,,,,,0.01,No
102996,,,,8,46,,,,,,0.4,No
66000,,,,7,54,,,,,,0.07,No
38400,,,,20,63,,,,,,0.29,No
102000,,,,17,38,,,,,,0.67,No
92040,,,,10,45,,,,,,0.32,No
65076,,,,16,79,,,,,,0.36,Yes
235200,,,,12,44,,,,,,0.25,No
96000,,,,5,70,,,,,,0.11,No
22044,,,,11,49,,,,,,1.13,No
91992,,,,8,52,,,,,,0.01,No
97200,,,,3,63,,,,,,0,No
24012,,,,5,76,,,,,,0.02,No
34128,,,,0,54,,,,,,0.11,Yes
88848,,,,3,40,,,,,,0.3,No
98460,,,,7,59,,,,,,0.15,No
50004,,,,9,40,,,,,,0.35,No
37776,,,,4,32,,,,,,0.14,Yes
53424,,,,12,57,,,,,,0.54,No
42996,,,,4,71,,,,,,0.74,No
89988,,,,2,46,,,,,,0,Yes
54960,,,,4,51,,,,,,0,No
171996,,,,15,41,,,,,,0.37,Yes
44556,,,,5,58,,,,,,0.1,No
50424,,,,6,55,,,,,,0.42,No
69840,,,,4,54,,,,,,0.23,No
60000,,,,3,86,,,,,,0.08,No
44100,,,,2,40,,,,,,0.13,No
220944,,,,8,61,,,,,,0.16,No
33600,,,,2,52,,,,,,0.13,No
26592,,,,12,52,,,,,,0.51,No
42000,,,,5,45,,,,,,0.25,No
37008,,,,17,66,,,,,,0.3,No
240000,,,,12,70,,,,,,0.27,No
72000,,,,7,71,,,,,,0.31,No
82800,,,,8,66,,,,,,0.14,No
87996,,,,4,64,,,,,,0.17,No
76800,,,,2,42,,,,,,0.17,No
140940,,,,13,65,,,,,,0.65,No
104796,,,,4,54,,,,,,0.1,No
42000,,,,4,72,,,,,,0.09,No
135996,,,,9,56,,,,,,0.2,No
42000,,,,11,77,,,,,,0.66,No
13488,,,,7,28,,,,,,0.47,No
47388,,,,6,91,,,,,,0.66,No
69600,,,,6,74,,,,,,0.2,No
64080,,,,7,68,,,,,,0.6,No
32064,,,,9,47,,,,,,1.06,No
34032,,,,5,72,,,,,,3.55,No
105600,,,,4,41,,,,,,0.32,No
129372,,,,12,71,,,,,,0.34,No
180000,,,,4,65,,,,,,0,No
137592,,,,16,50,,,,,,0.25,No
91500,,,,13,58,,,,,,0.33,Yes
172500,,,,4,52,,,,,,0.44,Yes
135000,,,,20,52,,,,,,0.33,No
97416,,,,20,58,,,,,,0.5,Yes
49200,,,,9,35,,,,,,0.43,No
105000,,,,6,42,,,,,,0.25,No
54996,,,,7,41,,,,,,0.54,No
18492,,,,10,63,,,,,,2.7,No
19200,,,,1,41,,,,,,0.16,No
60996,,,,13,48,,,,,,0.25,No
85200,,,,11,59,,,,,,0.23,No
54000,,,,6,63,,,,,,0.26,Yes
9600,,,,12,73,,,,,,0.18,No
60000,,,,9,28,,,,,,0.1,No
24000,,,,11,75,,,,,,0.32,No
69996,,,,6,35,,,,,,0.21,No
0,,,,1,78,,,,,,0,No
84000,,,,2,62,,,,,,0,No
106896,,,,11,83,,,,,,0.02,No
175680,,,,11,54,,,,,,0.26,No
38784,,,,2,39,,,,,,0.02,No
40992,,,,3,55,,,,,,0.07,No
37320,,,,4,46,,,,,,0.37,Yes
32292,,,,7,44,,,,,,0.34,No
61608,,,,4,50,,,,,,0.01,No
96504,,,,12,37,,,,,,0.35,No
30240,,,,5,27,,,,,,0.3,No
19200,,,,4,28,,,,,,0.13,No
139068,,,,13,56,,,,,,0.14,No
45000,,,,6,28,,,,,,0.02,No
79992,,,,9,42,,,,,,0.26,No
65100,,,,6,47,,,,,,1.18,No
168000,,,,10,46,,,,,,0.46,Yes
60000,,,,29,39,,,,,,1.27,Yes
41004,,,,14,78,,,,,,0.01,No
29400,,,,1,22,,,,,,0,No
28800,,,,13,48,,,,,,1.07,No
49104,,,,13,72,,,,,,0.19,No
225000,,,,11,58,,,,,,0.28,No
22728,,,,10,27,,,,,,0.43,No
74004,,,,10,38,,,,,,0.61,No
37200,,,,6,50,,,,,,0.51,No
11400,,,,7,52,,,,,,1.67,No
136488,,,,9,42,,,,,,0.4,No
38988,,,,6,37,,,,,,0.61,No
43296,,,,12,61,,,,,,0.35,No
79992,,,,7,38,,,,,,0.21,No
74400,,,,14,53,,,,,,0.51,No
96000,,,,2,62,,,,,,0.15,No
90000,,,,14,60,,,,,,0.25,No
45000,,,,8,35,,,,,,0.47,No
29868,,,,6,75,,,,,,0.18,No
79992,,,,6,44,,,,,,0.1,Yes
99600,,,,11,55,,,,,,0.23,No
132192,,,,6,64,,,,,,0.17,Yes
19920,,,,8,75,,,,,,0.1,No
84504,,,,9,61,,,,,,0.36,No
252996,,,,9,72,,,,,,0.13,Yes
75216,,,,3,73,,,,,,0.1,No
21120,,,,10,56,,,,,,1.62,No
42000,,,,3,96,,,,,,0,No
58200,,,,7,68,,,,,,0.47,No
108000,,,,20,43,,,,,,0.63,Yes
62400,,,,13,53,,,,,,0.71,No
102000,,,,17,63,,,,,,0.14,No
63996,,,,15,47,,,,,,0.64,No
69036,,,,4,53,,,,,,0.11,Yes
12000,,,,1,56,,,,,,0.04,No
24000,,,,4,40,,,,,,0.02,No
54360,,,,9,37,,,,,,0.5,Yes
67992,,,,4,38,,,,,,0.53,No
75924,,,,7,49,,,,,,0.31,No
44400,,,,5,37,,,,,,0.43,No
81984,,,,14,47,,,,,,0.26,No
113508,,,,7,56,,,,,,0.24,No
159000,,,,24,62,,,,,,0.69,Yes
81600,,,,6,68,,,,,,0.04,No
64032,,,,4,63,,,,,,0.23,No
43800,,,,7,57,,,,,,0.33,No
73428,,,,11,41,,,,,,0.26,No
264996,,,,11,49,,,,,,0.26,Yes
102996,,,,8,50,,,,,,0.14,No
221772,,,,6,52,,,,,,0.3,No
48600,,,,5,46,,,,,,0.51,No
58500,,,,15,36,,,,,,0.6,Yes
74400,,,,11,64,,,,,,0.24,No
124992,,,,10,66,,,,,,0.3,No
152448,,,,6,60,,,,,,0.22,No
108000,,,,6,39,,,,,,0.06,No
165036,,,,7,62,,,,,,0.07,No
78000,,,,6,41,,,,,,0.82,No
115992,,,,14,52,,,,,,0.48,No
42000,,,,8,28,,,,,,0.58,Yes
33276,,,,11,37,,,,,,0.52,No
132000,,,,9,54,,,,,,0.27,No
165600,,,,10,80,,,,,,0.33,Yes
54996,,,,4,42,,,,,,0.02,No
80880,,,,5,60,,,,,,0.23,No
72000,,,,3,88,,,,,,0.01,No
39996,,,,7,48,,,,,,0.31,No
120000,,,,6,40,,,,,,0.23,No
74976,,,,27,70,,,,,,0.26,No
87600,,,,15,47,,,,,,0.63,No
182808,,,,13,57,,,,,,0.33,No
172800,,,,8,67,,,,,,0.2,No
24000,,,,9,57,,,,,,0.03,No
58800,,,,14,54,,,,,,0.26,No
35088,,,,1,31,,,,,,0.09,No
59988,,,,10,30,,,,,,0.38,No
180000,,,,15,68,,,,,,0.11,No
49200,,,,1,29,,,,,,0,No
28008,,,,4,83,,,,,,0,No
7620,,,,9,27,,,,,,5.68,No
66912,,,,17,41,,,,,,0.83,Yes
317004,,,,19,61,,,,,,0.27,Yes
64800,,,,2,48,,,,,,0.15,No
102792,,,,8,53,,,,,,0.25,No
74928,,,,6,37,,,,,,0.14,No
12000,,,,2,26,,,,,,0.28,No
55260,,,,7,42,,,,,,0.93,No
52992,,,,1,44,,,,,,0.04,No
345996,,,,13,64,,,,,,0.08,Yes
168000,,,,3,46,,,,,,0,No
105360,,,,7,40,,,,,,0.4,Yes
60012,,,,5,62,,,,,,0.56,No
24000,,,,3,28,,,,,,0.58,No
171600,,,,3,64,,,,,,0.01,No
56400,,,,21,64,,,,,,0.75,No
130992,,,,8,44,,,,,,0.22,Yes
55716,,,,18,75,,,,,,0.51,No
42000,,,,6,42,,,,,,0.98,Yes
54000,,,,6,39,,,,,,0.85,No
38760,,,,3,44,,,,,,0.5,No
68940,,,,20,41,,,,,,0.45,Yes
80400,,,,1,64,,,,,,0,No
60000,,,,5,27,,,,,,0.07,Yes
96000,,,,5,37,,,,,,0.32,No
125604,,,,21,49,,,,,,0.31,No
120000,,,,10,65,,,,,,0.26,No
66348,,,,5,37,,,,,,0.42,No
41436,,,,5,38,,,,,,0.29,No
240000,,,,11,67,,,,,,0.21,No
48744,,,,6,45,,,,,,0.59,No
127572,,,,9,42,,,,,,0.38,No
40800,,,,17,56,,,,,,0.19,No
13992,,,,0,45,,,,,,0,No
64608,,,,6,31,,,,,,0.26,No
34800,,,,14,77,,,,,,0.22,No
45996,,,,2,47,,,,,,0.12,Yes
39996,,,,19,49,,,,,,1.3,No
50400,,,,16,68,,,,,,0.26,No
32400,,,,3,59,,,,,,0.63,Yes
93924,,,,11,51,,,,,,0.35,No
62556,,,,6,46,,,,,,0,No
27312,,,,1,37,,,,,,0.12,No
95136,,,,6,44,,,,,,0.33,No
109992,,,,4,51,,,,,,0.37,Yes
75360,,,,4,66,,,,,,0.17,No
253200,,,,17,56,,,,,,0.32,No
43392,,,,5,38,,,,,,0.33,No
60000,,,,10,47,,,,,,0.56,No
165360,,,,15,60,,,,,,0.33,No
132732,,,,6,73,,,,,,0.34,No
86400,,,,7,72,,,,,,0.09,Yes
82200,,,,3,46,,,,,,0.01,No
51996,,,,8,56,,,,,,0.23,No
13200,,,,16,58,,,,,,3.52,No
42000,,,,11,63,,,,,,0.21,No
57780,,,,5,50,,,,,,0.11,No
48996,,,,17,42,,,,,,0.91,Yes
32400,,,,5,45,,,,,,0.25,No
36000,,,,10,28,,,,,,1.42,No
50400,,,,9,73,,,,,,0.52,No
64800,,,,14,51,,,,,,0.22,No
154800,,,,16,55,,,,,,0.38,Yes
120000,,,,5,57,,,,,,0.02,No
121524,,,,5,56,,,,,,0.26,No
163200,,,,27,66,,,,,,0.48,Yes
88992,,,,8,63,,,,,,0.1,No
51948,,,,7,61,,,,,,0.01,No
112572,,,,14,44,,,,,,0.24,Yes
35400,,,,6,55,,,,,,0.59,Yes
44292,,,,9,36,,,,,,0.36,No
92400,,,,22,66,,,,,,0.22,No
52800,,,,10,51,,,,,,0.04,No
239592,,,,5,65,,,,,,0.14,No
30000,,,,4,69,,,,,,0.86,No
24000,,,,1,24,,,,,,0.04,Yes
148800,,,,8,45,,,,,,0.42,No
84000,,,,11,46,,,,,,0.24,No
32400,,,,8,66,,,,,,0.33,No
48000,,,,9,63,,,,,,0.23,No
42996,,,,4,61,,,,,,0.11,No
9600,,,,5,36,,,,,,1.57,No
38328,,,,13,27,,,,,,0.32,No
165000,,,,11,43,,,,,,0.39,No
84000,,,,2,39,,,,,,0.01,Yes
33600,,,,13,32,,,,,,2.36,No
70872,,,,10,47,,,,,,0.48,Yes
34800,,,,6,33,,,,,,0.29,Yes
89568,,,,4,68,,,,,,0.22,No
18276,,,,4,32,,,,,,0.16,No
39720,,,,4,47,,,,,,0.07,Yes
58200,,,,9,69,,,,,,0.27,No
39996,,,,5,50,,,,,,0.92,No
76992,,,,5,60,,,,,,0.03,No
50400,,,,7,51,,,,,,0.93,Yes
96924,,,,7,59,,,,,,0.28,No
48000,,,,11,69,,,,,,0.44,No
109992,,,,15,52,,,,,,0.3,Yes
24000,,,,12,40,,,,,,3.28,No
25740,,,,5,45,,,,,,0.3,No
59796,,,,6,59,,,,,,0.35,No
37992,,,,15,69,,,,,,0.33,No
50400,,,,7,30,,,,,,0.64,Yes
99600,,,,4,73,,,,,,0.17,No
227352,,,,9,60,,,,,,0.11,No
49992,,,,3,86,,,,,,0.01,No
35796,,,,2,36,,,,,,0.08,No
24936,,,,9,78,,,,,,0.08,Yes
31200,,,,0,40,,,,,,0,Yes
69396,,,,14,61,,,,,,0.55,No
66600,,,,8,72,,,,,,0.24,No
109992,,,,13,50,,,,,,0.5,No
64992,,,,2,93,,,,,,0,No
13200,,,,1,56,,,,,,0.01,No
60000,,,,2,53,,,,,,0.02,Yes
78000,,,,14,74,,,,,,0.19,No
92400,,,,11,31,,,,,,0.31,No
42000,,,,14,50,,,,,,0.86,No
49200,,,,7,41,,,,,,0.19,No
60828,,,,6,64,,,,,,0.42,No
30000,,,,29,64,,,,,,1.03,No
132000,,,,20,50,,,,,,0.7,No
73992,,,,16,41,,,,,,0.53,No
33840,,,,12,52,,,,,,0.51,No
117984,,,,8,58,,,,,,0.22,No
45000,,,,5,57,,,,,,0.4,No
82200,,,,15,53,,,,,,0.43,Yes
87540,,,,11,65,,,,,,0.32,No
45996,,,,4,27,,,,,,0.13,No
77520,,,,10,66,,,,,,0.43,No
11688,,,,4,81,,,,,,0,No
39996,,,,5,27,,,,,,0.11,No
60000,,,,2,52,,,,,,0.28,No
93672,,,,13,35,,,,,,0.09,No
339996,,,,15,47,,,,,,0.46,No
107004,,,,2,54,,,,,,0.05,No
22884,,,,5,39,,,,,,0.59,Yes
43116,,,,7,60,,,,,,0.64,No
126996,,,,9,47,,,,,,0.07,No
48000,,,,7,39,,,,,,0.08,Yes
96000,,,,18,47,,,,,,0.36,Yes
154992,,,,9,46,,,,,,0.27,No
65796,,,,9,64,,,,,,0.14,No
20136,,,,3,34,,,,,,0.01,No
62592,,,,7,51,,,,,,0.44,No
54924,,,,5,31,,,,,,0.34,No
90000,,,,7,62,,,,,,0.01,No
36000,,,,13,52,,,,,,0.65,No
78756,,,,7,49,,,,,,0.28,No
117996,,,,11,48,,,,,,0.61,No
60372,,,,17,48,,,,,,0.88,Yes
64980,,,,10,71,,,,,,0.01,No
300000,,,,11,64,,,,,,0.22,No
21600,,,,12,33,,,,,,0.62,No
60000,,,,7,55,,,,,,0.29,No
20400,,,,8,67,,,,,,0.36,No
156000,,,,5,46,,,,,,0.2,No
105060,,,,11,49,,,,,,0.21,No
64944,,,,10,67,,,,,,0.42,No
13524,,,,1,54,,,,,,0.05,No
75996,,,,6,56,,,,,,0.15,No
235200,,,,21,59,,,,,,0.28,No
58800,,,,10,64,,,,,,0.2,No
32400,,,,2,58,,,,,,0.38,No
110400,,,,6,71,,,,,,0.23,No
43680,,,,0,49,,,,,,0,No
154992,,,,9,63,,,,,,0.28,No
74400,,,,8,39,,,,,,0.35,Yes
97632,,,,11,41,,,,,,0.41,No
70800,,,,5,38,,,,,,0.35,No
60792,,,,10,43,,,,,,0.45,Yes
121476,,,,13,51,,,,,,0.1,No
120000,,,,6,48,,,,,,0.43,No
86808,,,,14,59,,,,,,0.1,Yes
55176,,,,8,43,,,,,,1.21,No
43200,,,,9,56,,,,,,0.44,No
72000,,,,6,68,,,,,,0.32,Yes
60000,,,,1,32,,,,,,0.03,No
88800,,,,16,57,,,,,,0.68,Yes
38028,,,,9,34,,,,,,0.2,No
46800,,,,14,62,,,,,,0.65,Yes
25320,,,,8,63,,,,,,1.19,Yes
33768,,,,13,41,,,,,,0.79,No
84996,,,,4,46,,,,,,0,Yes
60000,,,,8,42,,,,,,0.09,No
56136,,,,2,38,,,,,,0.21,Yes
81120,,,,4,71,,,,,,0.2,No
86520,,,,17,68,,,,,,0.51,No
70032,,,,8,30,,,,,,0.36,No
30000,,,,2,30,,,,,,0.04,No
37332,,,,7,46,,,,,,0.37,No
66000,,,,14,48,,,,,,0.1,Yes
174840,,,,11,58,,,,,,0.15,No
79728,,,,7,67,,,,,,0.28,No
83400,,,,15,42,,,,,,0.4,No
186000,,,,14,56,,,,,,0.25,Yes
69900,,,,23,41,,,,,,1.22,No
80400,,,,9,86,,,,,,0,Yes
73836,,,,13,38,,,,,,0.46,No
111048,,,,9,36,,,,,,0.28,No
106800,,,,14,28,,,,,,0.13,No
60000,,,,3,74,,,,,,0.01,No
54000,,,,12,58,,,,,,0.39,No
88200,,,,10,51,,,,,,0.46,No
58812,,,,7,61,,,,,,0.44,Yes
93396,,,,3,64,,,,,,0.05,No
110400,,,,11,50,,,,,,0.2,No
107928,,,,10,65,,,,,,0.36,No
18252,,,,6,72,,,,,,1.23,No
264000,,,,11,55,,,,,,0.15,No
76992,,,,15,49,,,,,,0.14,No
57600,,,,7,41,,,,,,0.36,No
75996,,,,5,52,,,,,,0.25,Yes
16284,,,,5,33,,,,,,1.83,No
34800,,,,8,24,,,,,,0.15,Yes
55344,,,,8,59,,,,,,0.19,No
19200,,,,4,29,,,,,,0.46,No
36000,,,,7,38,,,,,,0.43,No
61800,,,,8,39,,,,,,0.2,Yes
27600,,,,4,31,,,,,,0,No
96000,,,,8,43,,,,,,0.53,No
114960,,,,18,53,,,,,,1,No
140244,,,,16,53,,,,,,0.51,No
43200,,,,10,37,,,,,,0.71,No
46800,,,,15,36,,,,,,0.7,Yes
69600,,,,10,57,,,,,,0.07,No
17712,,,,8,31,,,,,,0.53,No
24996,,,,18,52,,,,,,0.01,No
54180,,,,3,77,,,,,,0.07,No
50400,,,,15,88,,,,,,0.01,No
36000,,,,6,44,,,,,,0.52,No
30000,,,,7,27,,,,,,0,No
111996,,,,3,81,,,,,,0.13,No
72000,,,,14,28,,,,,,0.22,No
16800,,,,19,54,,,,,,1.12,No
117192,,,,27,64,,,,,,0.42,Yes
53532,,,,3,35,,,,,,0.06,Yes
66996,,,,4,49,,,,,,0.21,No
165000,,,,4,47,,,,,,0.4,No
64452,,,,6,58,,,,,,0.56,No
46008,,,,10,69,,,,,,0.25,No
156000,,,,2,35,,,,,,0.02,No
216000,,,,13,46,,,,,,0.32,Yes
87600,,,,7,77,,,,,,0.05,No
46800,,,,11,68,,,,,,0.32,No
48924,,,,7,54,,,,,,0.23,Yes
80100,,,,8,60,,,,,,0.21,No
54000,,,,5,85,,,,,,0.03,No
96000,,,,3,78,,,,,,0.1,No
74400,,,,8,34,,,,,,0.66,No
33600,,,,11,61,,,,,,0.68,No
50400,,,,9,44,,,,,,0.5,No
102996,,,,3,73,,,,,,0.01,No
127596,,,,11,41,,,,,,0.43,No
78000,,,,5,46,,,,,,0,Yes
24000,,,,2,68,,,,,,0.41,No
54996,,,,10,35,,,,,,0.33,No
81132,,,,11,56,,,,,,0.17,Yes
93996,,,,5,40,,,,,,0.05,Yes
193632,,,,16,66,,,,,,0.26,No
101868,,,,20,70,,,,,,0.21,No
64440,,,,7,49,,,,,,0.19,No
93132,,,,3,44,,,,,,0.23,Yes
36516,,,,5,31,,,,,,0.39,Yes
75552,,,,7,53,,,,,,0.22,No
33696,,,,4,33,,,,,,0.05,No
75000,,,,3,52,,,,,,0.24,No
122736,,,,8,70,,,,,,0.16,No
126000,,,,18,41,,,,,,0.2,No
99996,,,,9,71,,,,,,0.17,No
54996,,,,1,24,,,,,,0,No
47556,,,,4,40,,,,,,0.36,No
75216,,,,11,54,,,,,,0.13,No
78996,,,,9,64,,,,,,0.27,No
90000,,,,10,62,,,,,,0.31,No
101796,,,,5,44,,,,,,0.33,Yes
44352,,,,12,68,,,,,,0.75,Yes
60000,,,,9,57,,,,,,0.43,Yes
120000,,,,8,60,,,,,,0.36,No
31524,,,,20,44,,,,,,0.66,No
40008,,,,5,75,,,,,,0.01,No
69384,,,,5,43,,,,,,0.35,No
49200,,,,6,44,,,,,,0.8,No
9840,,,,3,22,,,,,,0,No
19992,,,,2,23,,,,,,0.02,No
15600,,,,5,63,,,,,,0.97,No
59544,,,,8,60,,,,,,0.39,No
9204,,,,5,38,,,,,,1.99,No
78000,,,,9,66,,,,,,0.26,Yes
288000,,,,18,43,,,,,,0.28,No
48000,,,,3,51,,,,,,0,No
15000,,,,4,25,,,,,,0.33,Yes
61992,,,,3,32,,,,,,0.34,No
57600,,,,6,47,,,,,,0.36,No
79332,,,,17,61,,,,,,0.78,No
105996,,,,12,47,,,,,,0.63,Yes
92592,,,,6,65,,,,,,0.42,Yes
34800,,,,8,39,,,,,,0.67,No
30684,,,,2,23,,,,,,0,No
56016,,,,5,42,,,,,,0.19,No
50700,,,,14,53,,,,,,0.87,No
39996,,,,4,36,,,,,,0.18,No
87492,,,,3,45,,,,,,0.08,Yes
39576,,,,2,52,,,,,,0.12,Yes
81600,,,,18,48,,,,,,0.32,No
54000,,,,5,34,,,,,,0.39,No
37884,,,,10,49,,,,,,0.66,No
48000,,,,5,43,,,,,,0.39,No
102996,,,,7,35,,,,,,0.26,No
2664,,,,4,51,,,,,,1.65,No
36000,,,,4,27,,,,,,0.2,Yes
40800,,,,14,60,,,,,,0.26,Yes
39996,,,,3,43,,,,,,0.01,No
59088,,,,8,61,,,,,,0.21,No
54996,,,,9,59,,,,,,0.37,No
39996,,,,9,73,,,,,,0.48,No
81288,,,,7,58,,,,,,0.03,No
79200,,,,12,71,,,,,,0.12,No
32640,,,,8,42,,,,,,0.24,No
91584,,,,16,49,,,,,,0.57,No
84000,,,,15,41,,,,,,0.69,No
64392,,,,5,48,,,,,,0.35,Yes
56328,,,,8,66,,,,,,0.28,No
36000,,,,4,24,,,,,,0.28,Yes
20220,,,,5,41,,,,,,0.14,Yes
51912,,,,16,47,,,,,,1.11,No
96000,,,,10,59,,,,,,0.28,No
66000,,,,3,40,,,,,,0.14,No
125880,,,,8,61,,,,,,0.25,No
33000,,,,11,31,,,,,,0.64,No
107604,,,,9,43,,,,,,0.29,Yes
26820,,,,5,80,,,,,,0.02,No
210000,,,,7,56,,,,,,0.13,No
125988,,,,12,58,,,,,,0.36,No
12000,,,,7,33,,,,,,2.47,No
48480,,,,9,52,,,,,,0.35,Yes
144000,,,,4,55,,,,,,0.1,No
57180,,,,13,56,,,,,,0.33,No
64800,,,,8,41,,,,,,0.33,No
49992,,,,8,36,,,,,,0.62,No
34800,,,,10,57,,,,,,0.77,No
97176,,,,6,49,,,,,,0.35,No
60000,,,,12,54,,,,,,1.2,No
30000,,,,5,79,,,,,,0.12,No
64092,,,,12,51,,,,,,0.98,Yes
108000,,,,13,69,,,,,,0.15,No
50400,,,,8,29,,,,,,0.39,No
72252,,,,7,54,,,,,,0.35,No
127200,,,,11,60,,,,,,0.3,No
72000,,,,7,41,,,,,,0.43,No
72000,,,,10,37,,,,,,0.58,No
117600,,,,4,49,,,,,,0.19,No
55200,,,,1,50,,,,,,0,No
7200,,,,12,61,,,,,,5.68,Yes
82692,,,,9,64,,,,,,0.06,No
154992,,,,13,51,,,,,,0.1,No
167076,,,,24,59,,,,,,0.19,No
60000,,,,7,49,,,,,,0.54,No
45000,,,,12,54,,,,,,0.17,No
22800,,,,3,34,,,,,,0,No
9000,,,,7,63,,,,,,0.72,No
84000,,,,8,49,,,,,,0.81,Yes
234012,,,,6,82,,,,,,0.04,Yes
28392,,,,10,55,,,,,,0.43,No
74160,,,,10,40,,,,,,0.7,No
70572,,,,6,31,,,,,,0.39,No
64992,,,,22,77,,,,,,0.42,Yes
155196,,,,28,52,,,,,,0.14,No
37272,,,,6,37,,,,,,0.27,No
160008,,,,7,35,,,,,,0.39,No
180000,,,,16,63,,,,,,0.19,No
78000,,,,6,70,,,,,,0.37,No
95568,,,,8,68,,,,,,0,No
84000,,,,13,68,,,,,,0.12,No
126000,,,,8,70,,,,,,0,No
70200,,,,17,54,,,,,,0.77,Yes
42000,,,,3,31,,,,,,0.1,No
99996,,,,13,49,,,,,,0.52,No
39600,,,,9,33,,,,,,0.27,No
41016,,,,3,38,,,,,,0,No
63144,,,,13,69,,,,,,0.4,No
107004,,,,12,52,,,,,,0.33,No
80796,,,,8,57,,,,,,0.13,No
45600,,,,3,29,,,,,,0.13,No
122556,,,,12,40,,,,,,0.42,Yes
89028,,,,10,31,,,,,,0.34,No
13392,,,,2,22,,,,,,0,No
10800,,,,1,35,,,,,,0.19,No
55992,,,,11,28,,,,,,0.23,No
12408,,,,8,77,,,,,,0.19,Yes
198000,,,,15,63,,,,,,0.33,No
30000,,,,9,50,,,,,,0.68,No
123996,,,,16,49,,,,,,0.57,No
54996,,,,6,69,,,,,,0.11,No
48000,,,,5,43,,,,,,0.44,No
63900,,,,16,62,,,,,,0.41,No
55056,,,,7,50,,,,,,0.25,No
129600,,,,7,29,,,,,,0.08,No
121968,,,,14,61,,,,,,0.55,No
82776,,,,3,57,,,,,,0.09,No
16800,,,,3,22,,,,,,0.12,Yes
96000,,,,17,61,,,,,,0.65,No
49596,,,,7,28,,,,,,0.17,Yes
58020,,,,4,54,,,,,,0.8,No
12960,,,,10,61,,,,,,1.14,Yes
16296,,,,5,65,,,,,,0.07,No
18192,,,,2,65,,,,,,0.04,No
81600,,,,6,49,,,,,,0.16,Yes
69996,,,,11,70,,,,,,0.3,No
123996,,,,6,42,,,,,,0.27,No
60000,,,,11,38,,,,,,0.29,No
126000,,,,15,49,,,,,,0.25,No
51996,,,,9,32,,,,,,0.5,No
150000,,,,1,66,,,,,,0.05,No
66660,,,,5,44,,,,,,0.01,No
146784,,,,13,44,,,,,,0.45,Yes
76884,,,,4,63,,,,,,0.57,No
62208,,,,10,42,,,,,,0.52,No
26100,,,,3,69,,,,,,0.01,No
60000,,,,10,36,,,,,,0.71,No
12,,,,2,27,,,,,,0,No
60144,,,,10,38,,,,,,0.81,No
99996,,,,5,58,,,,,,0.42,Yes
69684,,,,7,52,,,,,,0.13,No
104388,,,,6,44,,,,,,0.01,No
75000,,,,9,49,,,,,,0.33,No
151296,,,,8,52,,,,,,0.3,No
83940,,,,9,56,,,,,,0.43,No
90000,,,,22,61,,,,,,0.84,Yes
60000,,,,23,49,,,,,,0.36,No
162996,,,,8,57,,,,,,0.16,No
174804,,,,7,38,,,,,,0.08,Yes
62400,,,,25,76,,,,,,0.66,No
49200,,,,7,61,,,,,,0.19,No
79944,,,,6,53,,,,,,0.17,Yes
111108,,,,13,53,,,,,,0.38,No
97344,,,,7,48,,,,,,0.25,No
26112,,,,12,54,,,,,,0.97,Yes
25200,,,,10,61,,,,,,0.76,No
67200,,,,14,64,,,,,,0.24,No
49200,,,,5,46,,,,,,0.02,No
9840,,,,2,21,,,,,,0,No
12000,,,,3,32,,,,,,0.5,Yes
48000,,,,7,58,,,,,,0.38,Yes
51900,,,,6,38,,,,,,0.29,No
132432,,,,14,40,,,,,,0.4,No
120000,,,,16,49,,,,,,0.61,No
113400,,,,6,62,,,,,,0.41,No
159996,,,,26,58,,,,,,0.49,No
137832,,,,9,47,,,,,,0.29,No
114072,,,,15,62,,,,,,0.94,No
180000,,,,11,52,,,,,,0.35,No
28800,,,,5,48,,,,,,3.43,No
41904,,,,3,27,,,,,,0.15,Yes
15600,,,,4,37,,,,,,0.55,Yes
165000,,,,4,38,,,,,,0.22,No
32328,,,,4,47,,,,,,0.2,Yes
48504,,,,8,34,,,,,,0.5,No
40800,,,,14,47,,,,,,0.7,No
166992,,,,13,63,,,,,,0.45,No
60000,,,,10,50,,,,,,0.3,Yes
20772,,,,11,39,,,,,,0.64,No
50004,,,,6,28,,,,,,0.15,No
28572,,,,5,35,,,,,,0.56,Yes
47328,,,,6,40,,,,,,0.19,No
88596,,,,10,54,,,,,,0.77,No
40092,,,,8,40,,,,,,0.35,No
144492,,,,10,75,,,,,,0.34,Yes
79992,,,,2,58,,,,,,0.03,Yes
35220,,,,0,25,,,,,,0,Yes
120000,,,,1,59,,,,,,0.05,Yes
250500,,,,16,75,,,,,,0.38,No
43128,,,,14,47,,,,,,0.31,Yes
106200,,,,9,47,,,,,,0.4,No
34800,,,,15,47,,,,,,0.78,No
25728,,,,6,25,,,,,,0.15,Yes
33600,,,,11,42,,,,,,1.06,No
55200,,,,12,38,,,,,,0.91,Yes
6600,,,,3,33,,,,,,0.79,Yes
42552,,,,8,46,,,,,,0.6,No
169992,,,,7,61,,,,,,0.21,No
84000,,,,11,60,,,,,,0.71,Yes
56892,,,,12,30,,,,,,0.69,Yes
36000,,,,7,38,,,,,,0.85,No
84000,,,,12,81,,,,,,0.26,No
48000,,,,7,58,,,,,,0.03,No
60996,,,,11,43,,,,,,0.74,No
45600,,,,4,67,,,,,,0.01,No
28728,,,,7,41,,,,,,0.17,No
32268,,,,2,63,,,,,,0.01,No
79200,,,,9,41,,,,,,0.33,Yes
36000,,,,6,46,,,,,,0.83,No
118680,,,,16,47,,,,,,0.31,No
124992,,,,10,56,,,,,,0.55,No
65532,,,,8,32,,,,,,0.57,No
48000,,,,2,69,,,,,,0.01,No
30012,,,,3,64,,,,,,0.89,Yes
48000,,,,18,58,,,,,,0.36,No
133992,,,,12,49,,,,,,0.51,Yes
18000,,,,6,74,,,,,,0.01,No
57300,,,,11,58,,,,,,0.07,Yes
38652,,,,11,67,,,,,,0.49,No
113376,,,,4,37,,,,,,0.36,No
132000,,,,2,31,,,,,,0.03,Yes
129960,,,,3,73,,,,,,0.04,No
82800,,,,27,60,,,,,,0.41,No
96000,,,,7,68,,,,,,0.24,No
38280,,,,13,56,,,,,,1.69,No
49992,,,,8,63,,,,,,0.69,Yes
90000,,,,15,68,,,,,,0.74,No
84408,,,,7,41,,,,,,0.39,Yes
71472,,,,15,51,,,,,,0.35,No
97440,,,,10,44,,,,,,0.62,Yes
95400,,,,9,39,,,,,,0.86,Yes
118308,,,,12,58,,,,,,0.14,No
48240,,,,2,45,,,,,,0.13,No
94872,,,,12,43,,,,,,0.21,Yes
81060,,,,9,31,,,,,,0.38,No
48000,,,,6,34,,,,,,0.64,No
73992,,,,6,63,,,,,,0.37,Yes
52008,,,,4,45,,,,,,0.06,No
98400,,,,15,40,,,,,,0.08,No
38400,,,,7,32,,,,,,0.15,No
50472,,,,10,38,,,,,,0.56,Yes
51600,,,,3,43,,,,,,0.14,No
10212,,,,4,83,,,,,,0.52,No
84000,,,,1,39,,,,,,0.09,No
102000,,,,8,60,,,,,,0.33,No
2328,,,,3,24,,,,,,0.34,Yes
97476,,,,7,39,,,,,,0.06,Yes
49440,,,,9,28,,,,,,1.14,No
24000,,,,10,47,,,,,,1.2,Yes
80316,,,,10,58,,,,,,0.32,No
49056,,,,7,41,,,,,,0.22,No
56004,,,,11,49,,,,,,0.52,Yes
96000,,,,19,36,,,,,,0.29,No
78000,,,,12,69,,,,,,0.25,Yes
40200,,,,10,53,,,,,,1.04,No
185004,,,,10,62,,,,,,0.59,No
61380,,,,6,80,,,,,,0.15,No
129996,,,,4,39,,,,,,0.08,Yes
51000,,,,9,72,,,,,,2,No
157296,,,,11,43,,,,,,0.63,No
54900,,,,8,63,,,,,,0.5,No
51840,,,,15,57,,,,,,0.78,No
66996,,,,9,85,,,,,,0.01,No
85920,,,,3,47,,,,,,0.33,Yes
123000,,,,15,50,,,,,,0.52,Yes
121920,,,,6,36,,,,,,0.65,No
18600,,,,8,38,,,,,,0.56,Yes
25692,,,,5,42,,,,,,0.52,No
22716,,,,10,72,,,,,,0.01,No
64020,,,,2,42,,,,,,0.14,Yes
124488,,,,7,82,,,,,,0.09,No
186000,,,,18,52,,,,,,0.22,Yes
132000,,,,8,37,,,,,,0.38,No
20124,,,,6,74,,,,,,0.24,No
99996,,,,7,83,,,,,,0.02,No
191148,,,,12,65,,,,,,0.22,No
86400,,,,8,60,,,,,,0.33,Yes
69192,,,,17,63,,,,,,0.46,No
15600,,,,11,51,,,,,,1.05,No
62400,,,,13,47,,,,,,0.45,No
26124,,,,10,32,,,,,,0.32,No
126000,,,,17,62,,,,,,0.2,Yes
18000,,,,3,59,,,,,,0.49,Yes
37884,,,,3,77,,,,,,0.38,No
30660,,,,9,67,,,,,,0.13,No
22860,,,,1,69,,,,,,0,No
114972,,,,8,67,,,,,,0.15,No
19992,,,,2,25,,,,,,0.2,No
24600,,,,7,79,,,,,,1.16,No
45996,,,,10,52,,,,,,1.15,No
38868,,,,8,36,,,,,,0.66,Yes
24000,,,,6,27,,,,,,0.4,No
126000,,,,8,49,,,,,,0.13,No
25200,,,,6,81,,,,,,0.3,No
55020,,,,11,51,,,,,,0.04,No
60000,,,,20,39,,,,,,0.61,No
48000,,,,6,39,,,,,,0.11,Yes
48000,,,,4,68,,,,,,0.02,No
79992,,,,11,51,,,,,,1.2,No
14400,,,,2,30,,,,,,0.01,No
112596,,,,13,62,,,,,,0.4,No
135996,,,,7,56,,,,,,0.33,No
14556,,,,2,28,,,,,,0.28,Yes
10800,,,,9,47,,,,,,0.01,No
26160,,,,8,62,,,,,,0.16,No
67320,,,,9,39,,,,,,0,No
6000,,,,3,77,,,,,,0,No
57984,,,,12,42,,,,,,0.08,No
55992,,,,16,49,,,,,,0.47,No
117600,,,,4,45,,,,,,0.27,No
162000,,,,15,55,,,,,,0.2,No
90492,,,,5,50,,,,,,0.07,No
79200,,,,9,55,,,,,,0.42,No
114000,,,,4,63,,,,,,0.17,Yes
39600,,,,5,77,,,,,,0.11,No
188400,,,,7,42,,,,,,0.26,No
18000,,,,14,51,,,,,,0.86,No
39996,,,,4,47,,,,,,0.29,No
36000,,,,6,32,,,,,,0.51,No
52800,,,,6,36,,,,,,0.27,Yes
83484,,,,11,47,,,,,,0.16,Yes
43980,,,,5,48,,,,,,0.03,Yes
49620,,,,12,65,,,,,,0.1,No
83148,,,,8,76,,,,,,0.39,No
82200,,,,4,51,,,,,,0.24,No
30000,,,,13,49,,,,,,0.76,No
28800,,,,6,44,,,,,,0.39,No
52800,,,,9,48,,,,,,0.18,No
28800,,,,3,50,,,,,,1.13,No
49500,,,,6,41,,,,,,0.32,No
49992,,,,12,55,,,,,,0.02,Yes
111996,,,,9,72,,,,,,0.07,No
122400,,,,6,44,,,,,,0.19,No
23484,,,,5,29,,,,,,0.3,No
58392,,,,6,54,,,,,,0.23,No
43020,,,,19,43,,,,,,0.3,No
184200,,,,9,75,,,,,,0,No
84396,,,,1,65,,,,,,0,Yes
78000,,,,8,71,,,,,,0.05,No
54000,,,,4,48,,,,,,0.37,No
26724,,,,2,88,,,,,,0.17,No
67200,,,,19,53,,,,,,0.49,Yes
39000,,,,26,49,,,,,,4.24,Yes
193596,,,,8,66,,,,,,0.08,No
32400,,,,9,70,,,,,,0.57,Yes
84996,,,,17,40,,,,,,0.12,Yes
66000,,,,19,52,,,,,,0.74,No
90000,,,,13,47,,,,,,0.52,No
66900,,,,5,55,,,,,,0.61,No
84000,,,,1,87,,,,,,0.02,No
73008,,,,4,44,,,,,,0.34,Yes
50400,,,,15,32,,,,,,0.44,Yes
104004,,,,1,71,,,,,,0.24,No
16800,,,,7,68,,,,,,2.36,No
58800,,,,6,58,,,,,,0.16,No
186516,,,,14,49,,,,,,0.36,No
66000,,,,4,37,,,,,,0.64,Yes
96996,,,,10,47,,,,,,0.32,No
76572,,,,9,53,,,,,,0.21,No
41052,,,,6,30,,,,,,0.4,No
63576,,,,7,49,,,,,,1.03,No
94464,,,,6,57,,,,,,0.1,Yes
60000,,,,10,61,,,,,,0.31,Yes
127332,,,,8,52,,,,,,0.27,No
75000,,,,4,35,,,,,,0.05,Yes
159996,,,,9,51,,,,,,0.29,Yes
80328,,,,8,47,,,,,,0.5,No
129708,,,,7,48,,,,,,0.01,No
124992,,,,7,37,,,,,,0.23,No
57600,,,,2,40,,,,,,0.36,No
30000,,,,6,40,,,,,,0.51,No
123000,,,,9,43,,,,,,0.19,No
21600,,,,2,31,,,,,,0,Yes
135960,,,,8,50,,,,,,0.29,No
51996,,,,8,47,,,,,,0.33,No
135132,,,,7,51,,,,,,0.29,No
132000,,,,6,68,,,,,,0.21,No
108000,,,,7,45,,,,,,0.41,No
90996,,,,16,62,,,,,,0.32,No
192000,,,,4,60,,,,,,0.01,No
52800,,,,10,58,,,,,,0.23,Yes
60000,,,,13,38,,,,,,0.16,No
60000,,,,1,79,,,,,,0,No
20796,,,,3,43,,,,,,0.04,No
121440,,,,6,77,,,,,,0,No
22380,,,,3,61,,,,,,0.14,No
61992,,,,7,74,,,,,,0.51,No
40164,,,,5,58,,,,,,0.3,No
62400,,,,8,46,,,,,,0.15,No
138396,,,,12,45,,,,,,0.27,No
18924,,,,3,59,,,,,,0.2,No
118140,,,,14,52,,,,,,0.59,Yes
69996,,,,5,52,,,,,,0.04,No
36000,,,,7,45,,,,,,0.28,No
60996,,,,7,84,,,,,,0.01,No
162048,,,,7,43,,,,,,0.21,No
66000,,,,13,55,,,,,,0.46,Yes
84996,,,,10,40,,,,,,0.43,No
19392,,,,3,77,,,,,,0.12,No
17028,,,,10,54,,,,,,1.17,No
56316,,,,10,29,,,,,,0.11,Yes
117600,,,,14,57,,,,,,0.29,No
30000,,,,12,65,,,,,,1.33,No
42000,,,,9,57,,,,,,0.92,Yes
19992,,,,3,44,,,,,,0.44,No
68004,,,,12,51,,,,,,0.04,No
48000,,,,10,44,,,,,,0.27,Yes
29220,,,,6,43,,,,,,0.57,No
43200,,,,7,55,,,,,,0.22,No
100944,,,,3,54,,,,,,0,No
207420,,,,24,58,,,,,,0.38,No
73200,,,,8,57,,,,,,0.23,Yes
126000,,,,9,41,,,,,,0.4,No
192000,,,,11,58,,,,,,0.23,No
37680,,,,3,47,,,,,,0.45,No
17100,,,,0,43,,,,,,0,No
112008,,,,3,38,,,,,,0.11,No
36000,,,,9,79,,,,,,0.27,No
16200,,,,1,21,,,,,,0.01,No
106992,,,,9,49,,,,,,0.1,Yes
84576,,,,7,53,,,,,,0.31,No
48000,,,,7,27,,,,,,0.07,Yes
271032,,,,7,60,,,,,,0.1,Yes
26280,,,,5,76,,,,,,0.09,No
50868,,,,4,53,,,,,,0.4,Yes
16992,,,,5,28,,,,,,0.37,No
49992,,,,4,45,,,,,,0.05,No
98628,,,,7,63,,,,,,0.04,No
122184,,,,15,52,,,,,,0.57,Yes
61764,,,,7,63,,,,,,0.42,No
240996,,,,7,44,,,,,,0.06,No
117756,,,,21,59,,,,,,0.48,Yes
69792,,,,28,60,,,,,,0.2,No
20904,,,,4,26,,,,,,0.42,Yes
29760,,,,9,43,,,,,,0.76,Yes
55356,,,,8,45,,,,,,0.58,No
175920,,,,15,56,,,,,,0.27,No
72156,,,,4,45,,,,,,0.09,No
102996,,,,6,39,,,,,,0.09,No
119568,,,,18,55,,,,,,0.32,Yes
82368,,,,11,39,,,,,,0.78,No
28500,,,,8,59,,,,,,0.32,No
120000,,,,18,37,,,,,,0.58,No
93192,,,,10,53,,,,,,0.62,Yes
135600,,,,10,48,,,,,,0.3,No
9168,,,,4,25,,,,,,0,No
235008,,,,10,69,,,,,,0.38,No
42000,,,,9,35,,,,,,1.53,No
84000,,,,8,36,,,,,,0.44,Yes
57636,,,,10,45,,,,,,0.63,No
80316,,,,11,58,,,,,,0.44,Yes
56520,,,,10,57,,,,,,0.7,No
105708,,,,9,40,,,,,,0.46,No
43800,,,,8,31,,,,,,0.52,No
18000,,,,5,72,,,,,,0.02,No
84000,,,,18,50,,,,,,0.43,No
15000,,,,5,48,,,,,,1.15,No
159996,,,,8,64,,,,,,0.69,No
81780,,,,10,61,,,,,,0.33,No
141600,,,,5,55,,,,,,0,No
26400,,,,7,27,,,,,,0.43,Yes
86400,,,,28,37,,,,,,1.22,No
84000,,,,6,44,,,,,,0.29,No
146400,,,,16,62,,,,,,0.49,No
31200,,,,12,76,,,,,,0.75,Yes
73248,,,,10,34,,,,,,0.57,No
46992,,,,3,60,,,,,,0.14,No
60000,,,,14,42,,,,,,0.21,No
208992,,,,9,53,,,,,,0.24,No
54000,,,,2,28,,,,,,0,No
30000,,,,9,66,,,,,,0.99,No
27600,,,,1,22,,,,,,0,No
67200,,,,6,45,,,,,,0.27,No
105000,,,,10,55,,,,,,0.31,No
36000,,,,6,28,,,,,,0.11,No
30000,,,,9,55,,,,,,0.46,No
57996,,,,2,74,,,,,,0.02,No
102000,,,,18,58,,,,,,1.08,Yes
79140,,,,5,65,,,,,,0.47,No
270300,,,,13,37,,,,,,0.18,No
75000,,,,6,51,,,,,,0.38,No
43200,,,,5,31,,,,,,0.23,No
24000,,,,4,53,,,,,,0.03,Yes
52164,,,,18,47,,,,,,0.26,No
43200,,,,13,45,,,,,,0.32,No
54996,,,,6,40,,,,,,0.26,No
27000,,,,5,34,,,,,,0.5,No
19200,,,,3,24,,,,,,0.37,No
192000,,,,19,48,,,,,,0.19,No
51600,,,,2,48,,,,,,0.31,Yes
42024,,,,6,40,,,,,,0.18,No
48396,,,,8,46,,,,,,0.14,Yes
52920,,,,3,27,,,,,,0.27,No
67632,,,,9,44,,,,,,0.37,Yes
42000,,,,7,68,,,,,,0.13,No
49992,,,,8,67,,,,,,0.49,Yes
21600,,,,6,54,,,,,,0.84,No
75180,,,,8,91,,,,,,0.02,No
86004,,,,19,52,,,,,,0.34,No
106800,,,,11,48,,,,,,0.97,Yes
75996,,,,23,56,,,,,,0.24,No
56316,,,,8,67,,,,,,0.53,No
126000,,,,21,43,,,,,,0.29,No
126000,,,,8,60,,,,,,0.01,No
102000,,,,24,50,,,,,,0.09,No
106800,,,,17,63,,,,,,0.29,No
50400,,,,7,73,,,,,,0.24,No
30000,,,,4,40,,,,,,0.92,No
72732,,,,6,46,,,,,,0.3,No
126000,,,,14,52,,,,,,0,No
84792,,,,13,82,,,,,,0.13,No
48000,,,,6,43,,,,,,0,No
119208,,,,10,75,,,,,,0.08,No
88992,,,,2,58,,,,,,0,No
24996,,,,3,43,,,,,,0.07,No
28416,,,,1,28,,,,,,0.03,No
98436,,,,6,47,,,,,,0.08,No
48468,,,,5,50,,,,,,0.26,No
64992,,,,10,61,,,,,,0.26,No
61932,,,,9,67,,,,,,0.22,No
37164,,,,12,52,,,,,,1.16,No
76992,,,,6,44,,,,,,0.24,No
51600,,,,7,65,,,,,,0.39,No
62688,,,,5,53,,,,,,0.35,No
43932,,,,6,41,,,,,,0.42,No
72000,,,,5,66,,,,,,0.18,No
108720,,,,11,65,,,,,,0.22,No
48000,,,,6,58,,,,,,0.26,No
105000,,,,7,42,,,,,,0.33,No
90000,,,,3,44,,,,,,0.06,No
64512,,,,15,48,,,,,,0.52,No
212280,,,,10,37,,,,,,0.33,No
48000,,,,5,33,,,,,,0.2,No
159996,,,,9,44,,,,,,0.25,No
133992,,,,17,57,,,,,,0.41,No
29520,,,,7,31,,,,,,0.2,No
42216,,,,7,69,,,,,,0.61,No
84600,,,,20,52,,,,,,1.23,No
124692,,,,10,54,,,,,,0.14,Yes
69600,,,,4,44,,,,,,0.2,Yes
72000,,,,14,60,,,,,,0.26,No
93828,,,,12,50,,,,,,0.29,Yes
42000,,,,8,41,,,,,,0.97,Yes
105780,,,,5,44,,,,,,0.1,Yes
42000,,,,12,49,,,,,,0.61,Yes
68400,,,,3,57,,,,,,0.32,No
49992,,,,6,76,,,,,,0.01,No
14760,,,,8,58,,,,,,1.93,No
132000,,,,11,53,,,,,,0.28,No
76200,,,,1,38,,,,,,0,No
240000,,,,9,56,,,,,,0.24,No
69000,,,,11,40,,,,,,0.9,No
52536,,,,11,66,,,,,,0.46,No
48000,,,,6,58,,,,,,0.47,No
43992,,,,9,27,,,,,,0.25,Yes
102000,,,,4,52,,,,,,0.19,No
74460,,,,5,47,,,,,,0.21,No
36000,,,,7,68,,,,,,0.08,No
228000,,,,13,57,,,,,,0.45,Yes
133728,,,,6,52,,,,,,0.31,No
96000,,,,7,82,,,,,,0.01,No
23040,,,,7,46,,,,,,0.03,No
24000,,,,13,38,,,,,,0.34,No
25200,,,,0,22,,,,,,0,Yes
82836,,,,20,82,,,,,,0.46,Yes
108000,,,,16,44,,,,,,0.34,No
63600,,,,4,37,,,,,,0,Yes
72000,,,,10,63,,,,,,0,No
96000,,,,6,50,,,,,,0.07,No
93408,,,,6,79,,,,,,0.36,No
126000,,,,7,66,,,,,,0,No
216000,,,,6,62,,,,,,0.14,No
85536,,,,6,51,,,,,,0.14,No
69360,,,,8,42,,,,,,0.39,No
95796,,,,7,56,,,,,,0.96,Yes
131040,,,,7,51,,,,,,0.41,Yes
63528,,,,20,49,,,,,,0.48,No
72000,,,,7,60,,,,,,0.36,No
24000,,,,3,26,,,,,,0.01,No
44112,,,,4,42,,,,,,0.28,No
133992,,,,7,46,,,,,,1.17,Yes
49992,,,,9,70,,,,,,0.37,No
72096,,,,9,64,,,,,,0.24,No
39396,,,,4,38,,,,,,0.11,No
67800,,,,25,64,,,,,,0.36,No
124992,,,,3,35,,,,,,0.18,No
50148,,,,7,74,,,,,,0.36,No
15000,,,,0,26,,,,,,0.02,Yes
75000,,,,10,47,,,,,,0.32,No
96000,,,,8,75,,,,,,0.18,No
142992,,,,15,57,,,,,,0.38,Yes
10368,,,,5,27,,,,,,0.61,Yes
48000,,,,1,30,,,,,,0.01,No
103200,,,,7,50,,,,,,0.48,No
63180,,,,8,76,,,,,,0.36,No
90348,,,,9,59,,,,,,0.46,No
78000,,,,7,56,,,,,,0.51,No
108000,,,,10,42,,,,,,0.19,Yes
81600,,,,14,37,,,,,,0.27,Yes
70800,,,,4,54,,,,,,0.3,Yes
107400,,,,6,57,,,,,,0.3,No
52872,,,,1,55,,,,,,0.11,Yes
80400,,,,15,54,,,,,,0.46,Yes
30000,,,,5,81,,,,,,0.05,Yes
68436,,,,9,42,,,,,,0.68,Yes
152040,,,,12,67,,,,,,0.42,No
33816,,,,6,51,,,,,,0.62,No
26400,,,,1,33,,,,,,0,Yes
48000,,,,3,44,,,,,,0.23,No
103200,,,,7,55,,,,,,0.15,No
26880,,,,2,40,,,,,,0.21,No
65472,,,,8,72,,,,,,0.11,No
151392,,,,21,60,,,,,,0.62,Yes
36012,,,,11,83,,,,,,0.31,No
51600,,,,6,68,,,,,,0.73,No
93996,,,,4,47,,,,,,0.16,No
52320,,,,5,46,,,,,,0.38,No
36000,,,,12,47,,,,,,0.99,No
22860,,,,8,73,,,,,,0.37,No
60000,,,,10,44,,,,,,0.79,No
60000,,,,5,36,,,,,,0.33,No
55572,,,,6,33,,,,,,0.43,No
59988,,,,14,49,,,,,,0.43,Yes
264000,,,,5,81,,,,,,0.1,No
96492,,,,7,58,,,,,,0.3,No
73200,,,,9,40,,,,,,0.86,No
218076,,,,11,65,,,,,,0.18,No
100020,,,,5,79,,,,,,0.02,No
16800,,,,5,48,,,,,,0.9,No
33096,,,,10,72,,,,,,0.28,No
55200,,,,0,50,,,,,,0.02,Yes
73992,,,,4,71,,,,,,0.01,No
13200,,,,5,72,,,,,,0.14,No
84996,,,,6,35,,,,,,0.45,No
86400,,,,13,68,,,,,,0.1,Yes
36000,,,,6,49,,,,,,0.62,No
42000,,,,19,57,,,,,,0.43,Yes
85776,,,,9,55,,,,,,0.39,No
52200,,,,8,41,,,,,,0.51,Yes
105312,,,,5,45,,,,,,0.1,No
69396,,,,4,77,,,,,,0.11,No
9168,,,,1,25,,,,,,0,No
48000,,,,8,59,,,,,,1.03,No
138000,,,,8,53,,,,,,0.19,No
129996,,,,11,60,,,,,,0.37,No
39000,,,,3,35,,,,,,0.02,Yes
64992,,,,13,78,,,,,,0.29,No
60000,,,,8,26,,,,,,0.15,No
161904,,,,12,64,,,,,,0.27,No
82992,,,,3,55,,,,,,0.14,No
71568,,,,8,53,,,,,,0.08,No
75000,,,,13,50,,,,,,0.64,No
50112,,,,2,42,,,,,,0.1,Yes
275988,,,,14,62,,,,,,0.17,No
95004,,,,9,61,,,,,,0.21,No
20400,,,,9,55,,,,,,1.07,No
25200,,,,5,56,,,,,,0.01,No
76512,,,,14,37,,,,,,0.35,No
108000,,,,4,50,,,,,,0.3,No
44748,,,,4,83,,,,,,0.01,No
72000,,,,10,42,,,,,,0.51,No
28200,,,,2,27,,,,,,0.01,No
28800,,,,5,45,,,,,,0.43,No
60000,,,,3,59,,,,,,0.01,No
69000,,,,9,50,,,,,,0.29,No
60000,,,,4,44,,,,,,0.1,Yes
174996,,,,8,49,,,,,,0.06,No
21600,,,,19,71,,,,,,1.13,No
81744,,,,2,43,,,,,,0,No
132000,,,,5,63,,,,,,0.15,No
54396,,,,15,60,,,,,,0.32,No
38400,,,,14,57,,,,,,0.57,No
42240,,,,10,27,,,,,,0.15,No
46992,,,,17,63,,,,,,0.35,No
124800,,,,7,55,,,,,,0.36,No
78000,,,,4,66,,,,,,0.01,No
204000,,,,9,46,,,,,,0.23,No
60000,,,,5,33,,,,,,0.32,No
50292,,,,9,30,,,,,,0.18,No
69600,,,,8,32,,,,,,0.23,No
60396,,,,4,62,,,,,,0.25,No
69996,,,,2,46,,,,,,0.18,No
16800,,,,2,33,,,,,,0.22,No
123876,,,,10,52,,,,,,0.32,Yes
92640,,,,8,48,,,,,,0.01,No
66000,,,,7,28,,,,,,0.11,No
33600,,,,4,85,,,,,,0,No
166992,,,,7,74,,,,,,0.11,Yes
39996,,,,4,37,,,,,,0.17,No
82800,,,,10,40,,,,,,0.23,No
72000,,,,7,57,,,,,,0.23,Yes
18000,,,,7,65,,,,,,1.63,No
49476,,,,9,49,,,,,,0.87,No
21600,,,,7,40,,,,,,1.75,No
40872,,,,9,42,,,,,,0.07,No
114600,,,,8,43,,,,,,0.2,No
180000,,,,7,51,,,,,,0.11,Yes
126000,,,,35,77,,,,,,0.32,No
66000,,,,11,63,,,,,,0.37,No
44064,,,,6,58,,,,,,0.14,No
144000,,,,9,68,,,,,,0.12,No
97248,,,,10,54,,,,,,0.91,No
41832,,,,6,61,,,,,,0.55,No
27204,,,,9,88,,,,,,0.69,No
111600,,,,11,30,,,,,,0.18,No
81600,,,,9,35,,,,,,0.38,No
32400,,,,9,45,,,,,,0.44,No
53472,,,,9,92,,,,,,0.31,No
41712,,,,2,44,,,,,,0.65,Yes
138840,,,,18,53,,,,,,0.26,No
20136,,,,1,29,,,,,,0.15,Yes
51600,,,,0,29,,,,,,0.02,Yes
118884,,,,18,53,,,,,,0.34,Yes
126000,,,,10,55,,,,,,0.59,No
97380,,,,12,55,,,,,,0.53,No
96000,,,,11,48,,,,,,0.87,No
38916,,,,8,76,,,,,,0.49,No
30060,,,,3,57,,,,,,0,No
62304,,,,4,49,,,,,,0.44,No
54000,,,,7,50,,,,,,0.36,Yes
76992,,,,4,48,,,,,,0.14,No
54000,,,,3,50,,,,,,0.13,Yes
60000,,,,8,45,,,,,,0.61,No
96000,,,,4,60,,,,,,0.22,Yes
120000,,,,19,41,,,,,,0.36,No
60000,,,,8,41,,,,,,0.43,No
72660,,,,7,61,,,,,,0.48,No
44856,,,,2,28,,,,,,0,No
146688,,,,14,43,,,,,,0.53,No
78000,,,,10,62,,,,,,0.58,No
36000,,,,7,77,,,,,,0.33,No
48972,,,,10,52,,,,,,0.45,No
42720,,,,1,25,,,,,,0.02,No
100800,,,,18,42,,,,,,0.25,Yes
111996,,,,11,57,,,,,,0.68,No
49992,,,,9,32,,,,,,0.5,No
60000,,,,6,43,,,,,,0.75,Yes
95220,,,,3,32,,,,,,0.05,No
73200,,,,6,32,,,,,,0.17,No
219996,,,,4,66,,,,,,0.19,No
69000,,,,11,67,,,,,,0.28,No
63996,,,,7,42,,,,,,0.13,Yes
28260,,,,12,63,,,,,,0.34,No
120372,,,,14,37,,,,,,0.61,No
60000,,,,13,77,,,,,,0.01,No
47400,,,,7,35,,,,,,0.31,No
115800,,,,16,56,,,,,,0.39,Yes
104400,,,,8,61,,,,,,0.23,Yes
103200,,,,8,80,,,,,,0.18,No
109392,,,,9,50,,,,,,0.15,No
36000,,,,8,31,,,,,,1.29,No
32988,,,,1,76,,,,,,0.15,No
43956,,,,6,61,,,,,,0.02,No
82992,,,,9,43,,,,,,0.44,Yes
40404,,,,12,54,,,,,,0.35,Yes
15852,,,,2,30,,,,,,0.19,No
24144,,,,3,46,,,,,,0.28,No
114000,,,,17,63,,,,,,0.15,No
73596,,,,6,68,,,,,,0.01,No
307992,,,,8,79,,,,,,0.01,No
29424,,,,5,40,,,,,,0.65,No
37200,,,,3,62,,,,,,0.37,No
28800,,,,4,45,,,,,,0.35,No
135600,,,,14,49,,,,,,0.06,No
61200,,,,14,60,,,,,,0.64,No
72000,,,,7,59,,,,,,0.13,No
123600,,,,9,58,,,,,,0.29,No
28320,,,,10,89,,,,,,1.14,No
60000,,,,25,43,,,,,,0.56,No
70392,,,,14,38,,,,,,0.71,No
48000,,,,10,42,,,,,,0.73,No
115200,,,,9,47,,,,,,0.33,No
54288,,,,17,68,,,,,,0.33,No
60000,,,,19,52,,,,,,0.46,No
87180,,,,1,61,,,,,,0.16,No
42000,,,,4,36,,,,,,0.29,No
94800,,,,23,61,,,,,,0.47,Yes
81096,,,,4,29,,,,,,0.17,Yes
33936,,,,5,77,,,,,,0.17,Yes
89508,,,,12,43,,,,,,0.53,No
67392,,,,3,39,,,,,,0.09,Yes
34740,,,,9,45,,,,,,0.84,No
37200,,,,0,24,,,,,,0.01,Yes
38580,,,,7,45,,,,,,0.69,No
31200,,,,4,38,,,,,,1.66,No
60000,,,,7,49,,,,,,0.46,No
150000,,,,9,43,,,,,,0.39,No
111996,,,,4,53,,,,,,0.1,Yes
40812,,,,7,36,,,,,,0.27,No
25572,,,,5,33,,,,,,1.47,No
71592,,,,2,48,,,,,,0.14,No
74400,,,,16,78,,,,,,0.1,No
19968,,,,2,32,,,,,,0.16,Yes
94800,,,,15,44,,,,,,0.18,No
95796,,,,9,36,,,,,,0.15,Yes
154560,,,,9,54,,,,,,0.36,No
54768,,,,6,59,,,,,,0.17,Yes
21648,,,,4,55,,,,,,0.58,No
45000,,,,5,35,,,,,,0.17,No
42396,,,,5,42,,,,,,0.08,Yes
79920,,,,5,75,,,,,,0.07,No
123060,,,,13,41,,,,,,0.42,No
49236,,,,14,63,,,,,,0.69,No
60000,,,,2,43,,,,,,0.08,No
42072,,,,15,40,,,,,,0.3,No
216000,,,,12,46,,,,,,0.08,No
91944,,,,10,78,,,,,,0,No
30000,,,,6,30,,,,,,0.17,No
67200,,,,3,46,,,,,,0,No
37284,,,,18,82,,,,,,0.22,No
148800,,,,7,40,,,,,,0.23,No
70992,,,,5,33,,,,,,0.12,No
94176,,,,14,31,,,,,,0.22,No
159996,,,,4,77,,,,,,0.02,No
121488,,,,4,62,,,,,,0.04,Yes
60000,,,,13,38,,,,,,0.4,Yes
113844,,,,7,84,,,,,,0.01,No
147996,,,,9,57,,,,,,0.1,No
216000,,,,8,70,,,,,,0.01,No
85992,,,,9,52,,,,,,0.21,No
150000,,,,19,50,,,,,,0.38,No
60000,,,,11,50,,,,,,0.27,No
88788,,,,8,59,,,,,,0.22,Yes
34812,,,,7,64,,,,,,0.11,No
0,,,,6,35,,,,,,1,No
18000,,,,3,27,,,,,,0.01,No
63984,,,,11,45,,,,,,0.39,No
192000,,,,19,57,,,,,,0.36,No
54000,,,,12,57,,,,,,0.2,No
40800,,,,6,73,,,,,,0.43,No
75000,,,,6,48,,,,,,0.35,Yes
35196,,,,1,69,,,,,,0.01,Yes
49992,,,,5,31,,,,,,0.13,No
81600,,,,5,55,,,,,,0.44,Yes
16380,,,,10,57,,,,,,3.92,No
84792,,,,2,69,,,,,,0.01,No
162000,,,,6,82,,,,,,0.08,No
78996,,,,11,66,,,,,,0.77,No
26400,,,,9,76,,,,,,1.04,No
84120,,,,6,55,,,,,,0.09,No
144000,,,,8,56,,,,,,0.21,No
45600,,,,12,55,,,,,,0.26,Yes
60000,,,,1,34,,,,,,0,Yes
63636,,,,7,83,,,,,,0.01,No
165192,,,,19,67,,,,,,0.1,No
57600,,,,24,56,,,,,,0.93,Yes
115992,,,,16,55,,,,,,0.42,No
172008,,,,14,63,,,,,,0.35,No
36000,,,,3,23,,,,,,0.13,No
49680,,,,9,75,,,,,,0.67,No
31176,,,,3,71,,,,,,0.01,No
46992,,,,7,38,,,,,,0.01,Yes
84000,,,,10,54,,,,,,0.24,No
60600,,,,8,48,,,,,,0.41,No
36000,,,,18,84,,,,,,0.62,No
100500,,,,6,46,,,,,,0.41,No
21600,,,,1,26,,,,,,0,No
84996,,,,5,44,,,,,,0.12,No
38400,,,,6,38,,,,,,0.4,No
46800,,,,7,34,,,,,,0.14,No
192000,,,,21,52,,,,,,0.56,No
124992,,,,2,41,,,,,,0.01,No
58608,,,,17,47,,,,,,0.45,No
10200,,,,1,21,,,,,,0,No
104400,,,,5,50,,,,,,0.35,Yes
153252,,,,8,44,,,,,,0.44,Yes
64992,,,,10,47,,,,,,0.48,No
100980,,,,6,43,,,,,,0.14,No
89976,,,,7,42,,,,,,0.36,No
39600,,,,4,43,,,,,,0.13,No
60000,,,,13,77,,,,,,0.39,No
63600,,,,8,56,,,,,,0.56,No
31500,,,,6,51,,,,,,0.45,No
44556,,,,1,68,,,,,,0,No
120000,,,,9,49,,,,,,0.15,No
93300,,,,9,57,,,,,,0.6,No
100200,,,,4,33,,,,,,0,No
83196,,,,5,32,,,,,,0.52,Yes
134400,,,,12,46,,,,,,0.32,No
99156,,,,3,50,,,,,,0.31,No
